species_binomial,family,genus,species,wd
acacia  ,Fabaceae,Acacia,,
acacia auriculiformis,Fabaceae,Acacia,auriculiformis,0.7
acacia barahonensis,Fabaceae,Acacia,barahonensis,
acacia decurrens,Fabaceae,Acacia,decurrens,
acacia farnesiana,Fabaceae,Acacia,farnesiana,0.8049999999999999
acacia macracantha,Fabaceae,Acacia,macracantha,0.935
acacia mearnsii,Fabaceae,Acacia,mearnsii,0.585
acacia melanoxylon,Fabaceae,Acacia,melanoxylon,0.585
acacia muricata,Fabaceae,Acacia,muricata,
acacia nilotica,Fabaceae,Acacia,nilotica,0.8
acacia scleroxyla,Fabaceae,Acacia,scleroxyla,0.9099999999999999
acacia senegal,Fabaceae,Acacia,senegal,
acacia tortuosa,Fabaceae,Acacia,tortuosa,
acacia vogeliana,Fabaceae,Acacia,vogeliana,
acnistus arborescens,Solanaceae,Acnistus,arborescens,
acrocomia aculeata,Arecaceae,Acrocomia,aculeata,
adansonia digitata,Bombacaceae,Adansonia,digitata,
adelia ricinella,Euphorbiaceae,Adelia,ricinella,
adenanthera pavonina,Fabaceae,Adenanthera,pavonina,0.7
albizia berteriana,Fabaceae,Albizia,berteriana,
albizia guachapele,Fabaceae,Albizia,guachapele,0.575
albizia lebbeck,Fabaceae,Albizia,lebbeck,0.555
albizia procera ,Fabaceae,Albizia,procera,0.75
albizia saman,Fabaceae,Albizia,saman,0.53
alchornea latifolia,Euphorbiaceae,Alchornea,latifolia,0.39
alchorneopsis floribunda,Euphorbiaceae,Alchorneopsis,floribunda,0.45
aleurites fordii,Euphorbiaceae,Aleurites,fordii,
aleurites moluccana,Euphorbiaceae,Aleurites,moluccana,
aleurites trisperma,Euphorbiaceae,Aleurites,trisperma,
allophylus cobbe,,Allophylus,cobbe,
allophylus cominia,Sapindaceae,Allophylus,cominia,
allophylus crassinervis,Sapindaceae,Allophylus,crassinervis,
allophylus occidentalis,Sapindaceae,Allophylus,occidentalis,
allophylus racemosus,,Allophylus,racemosus,
allophylus rigidus,Sapindaceae,Allophylus,rigidus,
allophylus spp.,,Allophylus,,
alnus acuminata,Betulaceae,Alnus,acuminata,0.55
alsophila hotteana,Cyatheaceae,Alsophila,hotteana,
alsophila minor,Cyatheaceae,Alsophila,minor,
alsophila woodwardioides,Cyatheaceae,Alsophila,woodwardioides,
alvaradoa  ,Simaroubaceae,Alvaradoa,,
alvaradoa haitiensis,Simaroubaceae,Alvaradoa,haitiensis,
amoelocera cubensis,Ulmaceae,Amoelocera,cubensis,
amyris balsamifera,Rutaceae,Amyris,balsamifera,
amyris diatrypa,Rutaceae,Amyris,diatrypa,
amyris elemifera,Rutaceae,Amyris,elemifera,
amyris spp.,Rutaceae,Amyris,,0.9500000000000001
anacardium occidentale,Anacardiaceae,Anacardium,occidentale,
andira inermis,Fabaceae,Andira,inermis,
annona cherimola,Annonaceae,Annona,cherimola,
annona domingensis,Annonaceae,Annona,domingensis,
annona dumertorum,Annonaceae,Annona,dumertorum,
annona frutescens,Annonaceae,Annona,frutescens,
annona glabra,Annonaceae,Annona,glabra,
annona gracilis,Annonaceae,Annona,gracilis,
annona micrantha,Annonaceae,Annona,micrantha,
annona montana,Annonaceae,Annona,montana,
annona muricata,Annonaceae,Annona,muricata,
annona reticulata,Annonaceae,Annona,reticulata,
annona rosei,Annonaceae,Annona,rosei,
annona salicifolia,Annonaceae,Annona,salicifolia,
annona spp.,Annonaceae,Annona,,0.45
annona squamosa,Annonaceae,Annona,squamosa,
annona urbaniana,Annonaceae,Annona,urbaniana,
antirhea lucida,Rubiaceae,Antirhea,lucida,
araucaria heterophylla,Araucariaceae,Araucaria,heterophylla,0.45
arcoa gonavensis,Fabaceae,Arcoa,gonavensis,
ardisia angustata,Myrsinaceae,Ardisia,angustata,
ardisia brachypoda,Myrsinaceae,Ardisia,brachypoda,
ardisia obovata,Myrsinaceae,Ardisia,obovata,
ardisia picardae,Myrsinaceae,Ardisia,picardae,
ardisia spp.,Myrsinaceae,Ardisia,,
artocarpus altilis,Moraceae,Artocarpus,altilis,
artocarpus heterophyllus,Moraceae,Artocarpus,heterophyllus,
artocarpus spp.,Moraceae,Artocarpus,,0.335
aspidosperma cuspa,Apocynaceae,Aspidosperma,cuspa,
attalea crassispatha,Arecaceae,Attalea,crassispatha,
averrhoa bilimbi,Oxalidaceae,Averrhoa,bilimbi,
averrhoa carambola,Oxalidaceae,Averrhoa,carambola,
averrhoa spp.,Oxalidaceae,Averrhoa,,
avicennia germinans,Verbenaceae,Avicennia,germinans,0.9
avicennia spp.,Verbenaceae,Avicennia,,
azadirachta indica,Meliaceae,Azadirachta,indica,0.585
bactris plumeriana,Arecaceae,Bactris,plumeriana,
bambusa vulgaris,Poaceae,Bambusa,vulgaris,
barringtonia asiatica,Lecythidaceae,Barringtonia,asiatica,
bauhinia divaricata,Fabaceae,Bauhinia,divaricata,
bauhinia monandra,Fabaceae,Bauhinia,monandra,
bauhinia variegata,Fabaceae,Bauhinia,variegata,
beilschmiedia pendula,Lauraceae,Beilschmiedia,pendula,0.54
bernardia dichotoma,Euphorbiaceae,Bernardia,dichotoma,
berrya ameliae,Malvaceae,Berrya,ameliae,
berrya cubensis,Malvaceae,Berrya,cubensis,
bixa orellana,Bixaceae,Bixa,orellana,0.4
bixa urucurana,Bixaceae,Bixa,urucurana,
blechnum underwoodianum,Blechnaceae,Blechnum,underwoodianum,
blighia sapida,Sapindaceae,Blighia,sapida,
bocconia frutescens,Papaveraceae,Bocconia,frutescens,
bombacopsis emarginata,Bombacaceae,Bombacopsis,emarginata,
bontia daphnoides,Myoporaceae,Bontia,daphnoides,
bourreria baccata,Boraginaceae,Bourreria,baccata,
bourreria spp.,Boraginaceae,Bourreria,,
bourreria succulenta,Boraginaceae,Bourreria,succulenta,
bourreria virgata,Boraginaceae,Bourreria,virgata,
brassaia actinophylla,Araliaceae,Brassaia,actinophylla,
brunellia comocladiifolia,Cunoniaceae,Brunellia,comocladiifolia,0.3
brunfelsia americana,Solanaceae,Brunfelsia,americana,
buchenavia capitata,Combretaceae,Buchenavia,capitata,0.585
buchenavia tetraphylla,Combretaceae,Buchenavia,tetraphylla,
bucida buceras,Combretaceae,Bucida,buceras,0.8400000000000001
bucida spinosa,Combretaceae,Bucida,spinosa,
bunchosia glandulifera,,Bunchosia,glandulifera,
bunchosia glandulosa,Malpighiaceae,Bunchosia,glandulosa,
bunchosia media,Malpighiaceae,Bunchosia,media,
bunchosia nitida,Malpighiaceae,Bunchosia,nitida,
bunchosia spp.,,Bunchosia,,
bursera simaruba,Burseraceae,Bursera,simaruba,0.33
buxus glomerata,Buxaceae,Buxus,glomerata,
buxus spp. ,Buxaceae,Buxus,,
byra buxifolia,Fabaceae,Byra,buxifolia,
byrsonima coriacea,Malpighiaceae,Byrsonima,coriacea,
byrsonima crassifolia,Malpighiaceae,Byrsonima,crassifolia,0.7
byrsonima lucida,Malpighiaceae,Byrsonima,lucida,
byrsonima spicata,Malpighiaceae,Byrsonima,spicata,0.585
byrsonima spp.,Malpighiaceae,Byrsonima,,
caesalpinia bahamensis,Fabaceae,Caesalpinia,bahamensis,
caesalpinia barahonensis,Fabaceae,Caesalpinia,barahonensis,
caesalpinia bonduc,Fabaceae,Caesalpinia,bonduc,
caesalpinia brasilensis,Fabaceae,Caesalpinia,brasilensis,
caesalpinia ciliata,Fabaceae,Caesalpinia,ciliata,
caesalpinia coriaria,Fabaceae,Caesalpinia,coriaria,1.05
caesalpinia globulorum,Fabaceae,Caesalpinia,globulorum,
caesalpinia praecox,Fabaceae,Caesalpinia,praecox,
caesalpinia pulcherrima,Fabaceae,Caesalpinia,pulcherrima,
caesalpinia spp.,Fabaceae,Caesalpinia,,
caesalpinia vesicaria,Fabaceae,Caesalpinia,vesicaria,
calliandra calothyrsus,Fabaceae,Calliandra,calothyrsus,
calliandra caracasana,Fabaceae,Calliandra,caracasana,
calliandra cubensis,Fabaceae,Calliandra,cubensis,
calliandra haematomma,Fabaceae,Calliandra,haematomma,
calliandra nervosa,Fabaceae,Calliandra,nervosa,
calliandra portoricensis,Fabaceae,Calliandra,portoricensis,
calliandra schultzei,Fabaceae,Calliandra,schultzei,
calliandra surinamensis,Fabaceae,Calliandra,surinamensis,
callistemon citrinus,Myrtaceae,Callistemon,citrinus,
calophyllum brasiliense,Clusiaceae,Calophyllum,brasiliense,
calophyllum calaba,Clusiaceae,Calophyllum,calaba,0.46
calotropis procera,Asclepiadadceae,Calotropis,procera,
calycogonium spp.,Melastomataceae,Calycogonium,,0.74
calyptranthes pallens,Myrtaceae,Calyptranthes,pallens,
calyptranthes sintenisii,Myrtaceae,Calyptranthes,sintenisii,
calyptranthes spp.,Myrtaceae,Calyptranthes,,
calyptranthes syzygium,Myrtaceae,Calyptranthes,syzygium,
calyptronoma plumeriana,Arecaceae,Calyptronoma,plumeriana,
calyptronoma rivalis,Arecaceae,Calyptronoma,rivalis,
cameraria angustifolia,Apocynaceae,Cameraria,angustifolia,
cameraria latifolia,Apocynaceae,Cameraria,latifolia,
cameraria linearifolia,Apocynaceae,Cameraria,linearifolia,
cananga odorata,Annonaceae,Cananga,odorata,0.3
canella winterana,Canellaceae,Canella,winterana,0.95
capparis amplissima,Brassicaceae,Capparis,amplissima,
capparis cynophallophora,Brassicaceae,Capparis,cynophallophora,
capparis dolichopoda,Brassicaceae,Capparis,dolichopoda,
capparis ferruginea,Brassicaceae,Capparis,ferruginea,
capparis flexuosa,Brassicaceae,Capparis,flexuosa,0.825
capparis frondosa,Brassicaceae,Capparis,frondosa,
capparis gonaivensis,Brassicaceae,Capparis,gonaivensis,
capparis hastata,Brassicaceae,Capparis,hastata,
capparis indica,Brassicaceae,Capparis,indica,
capparis spp.,,Capparis,,
carapa guianensis,Meliaceae,Carapa,guianensis,0.585
carica papaya,Caricaceae,Carica,papaya,
casearia aculeata,Flacourtiaceae,Casearia,aculeata,
casearia arborea,Flacourtiaceae,Casearia,arborea,
casearia decandra,Flacourtiaceae,Casearia,decandra,
casearia guianensis,Flacourtiaceae,Casearia,guianensis,
casearia ilicifolia,Flacourtiaceae,Casearia,ilicifolia,
casearia nitida,Flacourtiaceae,Casearia,nitida,
casearia spp.,Flacourtiaceae,Casearia,,0.7
casearia sylvestris,Flacourtiaceae,Casearia,sylvestris,
casimora edulis,Rutaceae,Casimora,edulis,
cassia fistula,Fabaceae,Cassia,fistula,0.9
cassia grandis,Fabaceae,Cassia,grandis,
cassia javanica,Fabaceae,Cassia,javanica,
cassia spp.,Fabaceae,Cassia,,
cassine xylocarpa,Celastraceae,Cassine,xylocarpa,
cassipourea guianensis,Rhizophoraceae,Cassipourea,guianensis,
cassipourea obtusa,Rhizophoraceae,Cassipourea,obtusa,
castanea sativa,Fagaceae,Castanea,sativa,
castella depressa,Simaroubaceae,Castella,depressa,
castilla elastica supsp. elastica,Moraceae,Castilla,elastica,
casuarina cristata,Casuarinaceae,Casuarina,cristata,
casuarina equisetifolia,Casuarinaceae,Casuarina,equisetifolia,
casuarina glauca,Casuarinaceae,Casuarina,glauca,
casuarina spp.,Casuarinaceae,Casuarina,,0.99
catalpa longissima,Bignoniaceae,Catalpa,longissima,0.7
cecropia peltata,Moraceae,Cecropia,peltata,0.33
cecropia spp.,Moraceae,Cecropia,,
cedrela odorata,Meliaceae,Cedrela,odorata,0.485
ceiba pentandra,Bombacaceae,Ceiba,pentandra,0.315
celtis spp.,,Celtis,,
celtis trinervia,Ulmaceae,Celtis,trinervia,
cereus hexagonus,Cactaceae,Cereus,hexagonus,
cestrum diurnum,Solanaceae,Cestrum,diurnum,
cestrum macrophyllum,Solanaceae,Cestrum,macrophyllum,
cestrum nocturnum,Solanaceae,Cestrum,nocturnum,
chaetocarpus globosus,Euphorbiaceae,Chaetocarpus,globosus,
chiococca alba,Rubiaceae,Chiococca,alba,
chionanthus axilliflorus,Oleaceae,Chionanthus,axilliflorus,
chionanthus compactus,Oleaceae,Chionanthus,compactus,
chionanthus domingensis,Oleaceae,Chionanthus,domingensis,
chionanthus ligustrinus,Oleaceae,Chionanthus,ligustrinus,
chione venosa,Rubiaceae,Chione,venosa,
chorisia insignis,Bombacaceae,Chorisia,insignis,
chorisia speciosa,Bombacaceae,Chorisia,speciosa,
chrysalidocarpus lutescens,Arecaceae,Chrysalidocarpus,lutescens,
chrysobalanus icaco,Chrysobalanaceae,Chrysobalanus,icaco,0.8
chrysophyllum argenteum,Sapotaceae,Chrysophyllum,argenteum,
chrysophyllum bicolor,Sapotaceae,Chrysophyllum,bicolor,
chrysophyllum cainito,Sapotaceae,Chrysophyllum,cainito,0.7
chrysophyllum oliviforme,Sapotaceae,Chrysophyllum,oliviforme,0.9
chrysophyllum spp.,Sapotaceae,Chrysophyllum,,
cinnamodendron ekmanii,Canellaceae,Cinnamodendron,ekmanii,
cinnamomum camphora,Lauraceae,Cinnamomum,camphora,
cinnamomum elongatum,Lauraceae,Cinnamomum,elongatum,0.47
cinnamomum montanum,Lauraceae,Cinnamomum,montanum,
cinnamomum spp.,Lauraceae,Cinnamomum,,0.52
cinnamomum triplinerve,Lauraceae,Cinnamomum,triplinerve,
cinnamomum verum,Lauraceae,Cinnamomum,verum,
citharexylum caudatum,Verbenaceae,Citharexylum,caudatum,
citharexylum fruticosum,Verbenaceae,Citharexylum,fruticosum,0.8
citharexylum spp.,Verbenaceae,Citharexylum,,
citrus aurantifolia,Rutaceae,Citrus,aurantifolia,
citrus aurantium,Rutaceae,Citrus,aurantium,
citrus limetta,Rutaceae,Citrus,limetta,
citrus limon,Rutaceae,Citrus,limon,
citrus maxima,Rutaceae,Citrus,maxima,
citrus medica,Rutaceae,Citrus,medica,
citrus reticulata,Rutaceae,Citrus,reticulata,
citrus sinensis,Rutaceae,Citrus,sinensis,
citrus spp.,Rutaceae,Citrus,,
citrus x paradisi,Rutaceae,Citrus,x,
clavija domingensis,Theophrastaceae,Clavija,domingensis,
cleyera spp.,Theaceae,Cleyera,,
clusia clusiodes,Clusiaceae,Clusia,clusiodes,0.9
clusia major,Clusiaceae,Clusia,major,
clusia minor,Clusiaceae,Clusia,minor,
clusia rosea,Clusiaceae,Clusia,rosea,
clusia spp.,Clusiaceae,Clusia,,
cnemidaria horrida,Cyatheaceae,Cnemidaria,horrida,
coccoloba buchii,Polygonaceae,Coccoloba,buchii,
coccoloba costata,Polygonaceae,Coccoloba,costata,
coccoloba diversifolia,Polygonaceae,Coccoloba,diversifolia,0.8
coccoloba krugii,Polygonaceae,Coccoloba,krugii,
coccoloba leoganensis,Polygonaceae,Coccoloba,leoganensis,0.895
coccoloba microstachys,Polygonaceae,Coccoloba,microstachys,
coccoloba pubescens,Polygonaceae,Coccoloba,pubescens,1.05
coccoloba spp.,Polygonaceae,Coccoloba,,
coccoloba swartzii,Polygonaceae,Coccoloba,swartzii,0.7
coccoloba uvifera,Polygonaceae,Coccoloba,uvifera,0.7
coccoloba venosa,Polygonaceae,Coccoloba,venosa,
coccoloba wrightii,Polygonaceae,Coccoloba,wrightii,
coccothrinax argentata,,Coccothrinax,argentata,
coccothrinax argentea,Arecaceae,Coccothrinax,argentea,
coccothrinax barbadensis,Arecaceae,Coccothrinax,barbadensis,
coccothrinax ekmanii,Arecaceae,Coccothrinax,ekmanii,
coccothrinax gracilis,Arecaceae,Coccothrinax,gracilis,
coccothrinax miraguama,Arecaceae,Coccothrinax,miraguama,
coccothrinax spissa,Arecaceae,Coccothrinax,spissa,
coccothrinax spp.,Arecaceae,Coccothrinax,,
cochlospermum vitifolium,Cochlospermaceae,Cochlospermum,vitifolium,
cocos nucifera,Arecaceae,Cocos,nucifera,
codiaeum variegatum,Euphorbiaceae,Codiaeum,variegatum,
coffea arabica,Rubiaceae,Coffea,arabica,
cojoba arborea,,Cojoba,arborea,
cola acuminata,Malvaceae,Cola,acuminata,
colubrina arborescens,Rhamnaceae,Colubrina,arborescens,0.685
colubrina berteroana,Rhamnaceae,Colubrina,berteroana,
colubrina elliptica,Rhamnaceae,Colubrina,elliptica,0.8
colubrina glandulosa,Rhamnaceae,Colubrina,glandulosa,
colubrina spp.,Rhamnaceae,Colubrina,,
comocladia cuneata,Anacardiaceae,Comocladia,cuneata,
comocladia dentata,Anacardiaceae,Comocladia,dentata,
comocladia dodonaea,Anacardiaceae,Comocladia,dodonaea,
comocladia domingensis,Anacardiaceae,Comocladia,domingensis,
comocladia edmaniana,Anacardiaceae,Comocladia,edmaniana,
comocladia ehrenbergii,Anacardiaceae,Comocladia,ehrenbergii,
comocladia gilgiana,Anacardiaceae,Comocladia,gilgiana,
comocladia glabra,Anacardiaceae,Comocladia,glabra,
comocladia mollifolia,Anacardiaceae,Comocladia,mollifolia,
comocladia pinnatifolia,Anacardiaceae,Comocladia,pinnatifolia,
comocladia pubescens,Anacardiaceae,Comocladia,pubescens,
comocladia spp.,Anacardiaceae,Comocladia,,
conocarpus erectus,Combretaceae,Conocarpus,erectus,0.95
conocarpus spp.,,Conocarpus,,
consolea macracantha,Cactaceae,Consolea,macracantha,
copaifera officinalis,Fabaceae,Copaifera,officinalis,
copernicia berteroana,Arecaceae,Copernicia,berteroana,
copernicia ekmanii,Arecaceae,Copernicia,ekmanii,
cordia alba,Boraginaceae,Cordia,alba,
cordia alliodora,Boraginaceae,Cordia,alliodora,0.46
cordia collococca,Boraginaceae,Cordia,collococca,
cordia cuneiformis,,Cordia,cuneiformis,
cordia gerascanthes,Boraginaceae,Cordia,gerascanthes,
cordia laevigata,Boraginaceae,Cordia,laevigata,
cordia mirabiloides,Boraginaceae,Cordia,mirabiloides,
cordia obliqua,Boraginaceae,Cordia,obliqua,
cordia sebestena,Boraginaceae,Cordia,sebestena,0.7
cordia spp. (dark-wooded),Boraginaceae,Cordia,,0.65
cordia sulcata,Boraginaceae,Cordia,sulcata,0.6
cornutia pyramidata,Verbenaceae,Cornutia,pyramidata,
couroupita guianensis,Lecythidaceae,Couroupita,guianensis,
crescentia cujete,Bignoniaceae,Crescentia,cujete,0.65
crescentia linearifolia,Bignoniaceae,Crescentia,linearifolia,
crossopetalum rhacoma,Celastraceae,Crossopetalum,rhacoma,
croton corylifolius,Euphorbiaceae,Croton,corylifolius,
croton eluteria,Euphorbiaceae,Croton,eluteria,
croton glabellus,Euphorbiaceae,Croton,glabellus,
croton lucidus,Euphorbiaceae,Croton,lucidus,
crudia spicata,Fabaceae,Crudia,spicata,
cryptorhiza haitiensis,Myrtaceae,Cryptorhiza,haitiensis,
cubanthus umbelliformis,Euphorbiaceae,Cubanthus,umbelliformis,
cupania americana,Sapindaceae,Cupania,americana,0.4
cupania glabra,Sapindaceae,Cupania,glabra,
cupania triquetra,Sapindaceae,Cupania,triquetra,
cupressus lusitanica,Cupressaceae,Cupressus,lusitanica,0.46
cupressus sempervirens,Cupressaceae,Cupressus,sempervirens,
cupressus spp.,,Cupressus,,
curatella americana,Dilleniaceae,Curatella,americana,
cyathea aquilina,Cyatheaceae,Cyathea,aquilina,
cyathea arborea,Cyatheaceae,Cyathea,arborea,
cyathea escuquensis,Cyatheaceae,Cyathea,escuquensis,
cyathea furfuracea,Cyatheaceae,Cyathea,furfuracea,
cyathea harrisii,Cyatheaceae,Cyathea,harrisii,
cyathea tenera,Cyatheaceae,Cyathea,tenera,
cyathea wilsonii,Cyatheaceae,Cyathea,wilsonii,
cycas circinalis,Cycadaceae,Cycas,circinalis,
cycas revoluta,Cycadaceae,Cycas,revoluta,
cynometra americana,Fabaceae,Cynometra,americana,
cynometra portoricensis,Fabaceae,Cynometra,portoricensis,
cyphomandra betacea,Solanaceae,Cyphomandra,betacea,
cyrilla racemiflora,Cyrillaceae,Cyrilla,racemiflora,0.53
dalbergia berterii,Fabaceae,Dalbergia,berterii,
dalbergia ecastaphyllum,Fabaceae,Dalbergia,ecastaphyllum,
dalbergia monetaria,Fabaceae,Dalbergia,monetaria,
dalbergia sisoo,Fabaceae,Dalbergia,sisoo,0.8049999999999999
dalbergia spp.,,Dalbergia,,
daphnopsis americana,Thymeliaceae,Daphnopsis,americana,
daphnopsis crassifolia,Thymeliaceae,Daphnopsis,crassifolia,
datura arborea,,Datura,arborea,
datura suaveolens,Solanaceae,Datura,suaveolens,
delonix regia ,Fabaceae,Delonix,regia,0.8
dendropanax arboreus,Araliaceae,Dendropanax,arboreus,0.46
dendropanax selleanus,Araliaceae,Dendropanax,selleanus,
dendropanax spp.,,Dendropanax,,
dendrosicus latifolius,Bignoniaceae,Dendrosicus,latifolius,
dillenia indica,Dilleniaceae,Dillenia,indica,
diospyros caribea,Ebenaceae,Diospyros,caribea,
diospyros domingensis,Ebenaceae,Diospyros,domingensis,
diospyros revoluta,Ebenaceae,Diospyros,revoluta,
diospyros spp.,Ebenaceae,Diospyros,,0.7
diospyros tetrasperma,Ebenaceae,Diospyros,tetrasperma,
ditta myricoides,Euphorbiaceae,Ditta,myricoides,
dodonaea viscosa,Sapindaceae,Dodonaea,viscosa,
dovyalis caffra,Flacourtiaceae,Dovyalis,caffra,
dovyalis hebecarpa,Flacourtiaceae,Dovyalis,hebecarpa,
dracaena fragrans,Liliaceae,Dracaena,fragrans,
drypetes alba,Euphorbiaceae,Drypetes,alba,
drypetes glauca,Euphorbiaceae,Drypetes,glauca,
drypetes ilicifolia,Euphorbiaceae,Drypetes,ilicifolia,
drypetes lateriflora,Euphorbiaceae,Drypetes,lateriflora,
drypetes picardae,Euphorbiaceae,Drypetes,picardae,
drypetes spp.,Euphorbiaceae,Drypetes,,
duranta repens,Verbenaceae,Duranta,repens,
ehretia tinifolia,Boraginaceae,Ehretia,tinifolia,
elaeis guineensis,Arecaceae,Elaeis,guineensis,
enterolobium cyclocarpum,Fabaceae,Enterolobium,cyclocarpum,0.495
eriobotrya japonica,Rosaceae,Eriobotrya,japonica,
erithalis fruticosa,Rubiaceae,Erithalis,fruticosa,
erythrina berteroana,Fabaceae,Erythrina,berteroana,0.3
erythrina buchii,Fabaceae,Erythrina,buchii,
erythrina corallodendrum,Fabaceae,Erythrina,corallodendrum,
erythrina crista-galli,Fabaceae,Erythrina,crista-galli,
erythrina fusca,Fabaceae,Erythrina,fusca,
erythrina leptopoda,Fabaceae,Erythrina,leptopoda,
erythrina poeppigiana,Fabaceae,Erythrina,poeppigiana,
erythrina spp.,,Erythrina,,
erythrina variegata,Fabaceae,Erythrina,variegata,
erythroxylum areolatum,Erythroxylaceae,Erythroxylum,areolatum,
erythroxylum havanense,Erythroxylaceae,Erythroxylum,havanense,
erythroxylum minutifolium,Erythroxylaceae,Erythroxylum,minutifolium,
erythroxylum rotundifolium,Erythroxylaceae,Erythroxylum,rotundifolium,
eucalyptus camaldulensis,Myrtaceae,Eucalyptus,camaldulensis,
eucalyptus globulus,Myrtaceae,Eucalyptus,globulus,0.7350000000000001
eucalyptus spp.,Myrtaceae,Eucalyptus,,
eucalyptus tereticornis,Myrtaceae,Eucalyptus,tereticornis,
eugenia axillaris,Myrtaceae,Eugenia,axillaris,
eugenia biflora,Myrtaceae,Eugenia,biflora,
eugenia carophylla,Myrtaceae,Eugenia,carophylla,
eugenia confusa,Myrtaceae,Eugenia,confusa,
eugenia dictyophylla,Myrtaceae,Eugenia,dictyophylla,
eugenia domingensis,Myrtaceae,Eugenia,domingensis,
eugenia foetida,Myrtaceae,Eugenia,foetida,
eugenia glabrata,Myrtaceae,Eugenia,glabrata,
eugenia laevis,Myrtaceae,Eugenia,laevis,
eugenia ligustrina,Myrtaceae,Eugenia,ligustrina,
eugenia maleolens,Myrtaceae,Eugenia,maleolens,
eugenia monticola ,Myrtaceae,Eugenia,monticola,
eugenia odorata,Myrtaceae,Eugenia,odorata,
eugenia procera,Myrtaceae,Eugenia,procera,
eugenia pseudopsidium,Myrtaceae,Eugenia,pseudopsidium,1.3
eugenia rhombea,Myrtaceae,Eugenia,rhombea,
eugenia spp.,,Eugenia,,
eugenia uniflora,Myrtaceae,Eugenia,uniflora,
euphorbia lactea,Euphorbiaceae,Euphorbia,lactea,
euphorbia leucocephala,Euphorbiaceae,Euphorbia,leucocephala,
euphorbia milii,Euphorbiaceae,Euphorbia,milii,
euphorbia petiolaris,Euphorbiaceae,Euphorbia,petiolaris,
euphorbia pulcherrima,Euphorbiaceae,Euphorbia,pulcherrima,
euphorbia spp.,Euphorbiaceae,Euphorbia,,
euphorbia tirucalli,Euphorbiaceae,Euphorbia,tirucalli,
exostema caribaem,Rubiaceae,Exostema,caribaem,1.055
exostema ellipticum,Rubiaceae,Exostema,ellipticum,
exostema sanctae-luciae,Rubiaceae,Exostema,sanctae-luciae,
exothea paniculata,Sapindaceae,Exothea,paniculata,
faramea occidentalis,Rubiaceae,Faramea,occidentalis,
ficus americana,,Ficus,americana,
ficus benjamina,Moraceae,Ficus,benjamina,
ficus carica,Moraceae,Ficus,carica,
ficus citrifolia,Moraceae,Ficus,citrifolia,0.4
ficus elastica,Moraceae,Ficus,elastica,
ficus microcarpa,Moraceae,Ficus,microcarpa,0.5
ficus religiosa,Moraceae,Ficus,religiosa,
ficus spp.,,Ficus,,
ficus trigonata,Moraceae,Ficus,trigonata,
forestiera rhamnifolia,Oleaceae,Forestiera,rhamnifolia,
forestiera segregata,Oleaceae,Forestiera,segregata,
fortunella spp.,Rutaceae,Fortunella,,
garcia nutans,Euphorbiaceae,Garcia,nutans,
garcinia aristata,Clusiaceae,Garcinia,aristata,
garcinia humilis,,Garcinia,humilis,
garcinia humilis,Clusiaceae,Garcinia,humilis,
garcinia mangostana,Clusiaceae,Garcinia,mangostana,
garcinia spp. ,Clusiaceae,Garcinia,,0.7150000000000001
garcinia verticillata,Clusiaceae,Garcinia,verticillata,
garrya fadyenii,Garryaceae,Garrya,fadyenii,
genipa americana var. caruto,Rubiaceae,Genipa,americana,0.5900000000000001
geonoma interrupta var. interrupta,Arecaceae,Geonoma,interrupta,
gesneria spp.,Gesneriaceae,Gesneria,,
ginoria rohrii,Lythraceae,Ginoria,rohrii,
gliricidia sepium,Fabaceae,Gliricidia,sepium,0.61
gmelina arborea,Verbenaceae,Gmelina,arborea,0.46
gomidesia lindeniana,Myrtaceae,Gomidesia,lindeniana,
grevillea robusta,Proteaceae,Grevillea,robusta,0.46
guaiacum officinale,Zygophyllaceae,Guaiacum,officinale,
guaiacum sanctum,Zygophyllaceae,Guaiacum,sanctum,
guaiacum spp.,Zygophyllaceae,Guaiacum,,1.095
guapira discolor,Nyctaginaceae,Guapira,discolor,
guapira domingensis,Nyctaginaceae,Guapira,domingensis,
guapira fragrans,Nyctaginaceae,Guapira,fragrans,
guapira ligustrifolia,Nyctaginaceae,Guapira,ligustrifolia,
guapira obtusata,Nyctaginaceae,Guapira,obtusata,
guarea guidonia,Meliaceae,Guarea,guidonia,
guarea spp.,Meliaceae,Guarea,,0.525
guatteria blainii,Annonaceae,Guatteria,blainii,0.8
guazuma ulmifolia,Malvaceae,Guazuma,ulmifolia,0.5
guettarda elliptica,Rubiaceae,Guettarda,elliptica,
guettarda lucida,,Guettarda,lucida,
guettarda multinervis,Rubiaceae,Guettarda,multinervis,
guettarda ovalifolia,Rubiaceae,Guettarda,ovalifolia,
guettarda pungens,Rubiaceae,Guettarda,pungens,
guettarda spp. ,Rubiaceae,Guettarda,,0.815
guettarda valenzuelana,Rubiaceae,Guettarda,valenzuelana,
gymindia latifolia,Celastraceae,Gymindia,latifolia,
gymnanthes lucida ,Euphorbiaceae,Gymnanthes,lucida,1.1
haematoxylum brasiletto,Fabaceae,Haematoxylum,brasiletto,0.8049999999999999
haematoxylum campechianum,Fabaceae,Haematoxylum,campechianum,0.745
haematoxylum spp.,Fabaceae,Haematoxylum,,
haenianthus salicifolius,Oleaceae,Haenianthus,salicifolius,
hamelia patens,Rubiaceae,Hamelia,patens,
helicteres jamaicensis,Malvaceae,Helicteres,jamaicensis,
henriettea fascicularis,Melastomataceae,Henriettea,fascicularis,
hernandia sonora,Hernandiaceae,Hernandia,sonora,0.29
heteropterys laurifolia,Malpighiaceae,Heteropterys,laurifolia,
hevea brasiliensis,Euphorbiaceae,Hevea,brasiliensis,0.46
hibiscus elatus,Malvaceae,Hibiscus,elatus,0.585
hibiscus rosa-sinensis,Malvaceae,Hibiscus,rosa-sinensis,
hibiscus spp.,,Hibiscus,,
hibiscus tiliaceus,Malvaceae,Hibiscus,tiliaceus,0.6
hippomane mancinella,Euphorbiaceae,Hippomane,mancinella,0.5
hippomane spinosa,Euphorbiaceae,Hippomane,spinosa,
hippomane spp.,,Hippomane,,
hirtella triandra,Chrysobalanaceae,Hirtella,triandra,
homalium racemosum,Flacourtiaceae,Homalium,racemosum,0.77
huertea cubensis,Staphyleaceae,Huertea,cubensis,
hura crepitans,Euphorbiaceae,Hura,crepitans,0.33
hyeronima domingensis,Euphorbiaceae,Hyeronima,domingensis,
hyeronima spp. ,Euphorbiaceae,Hyeronima,,0.65
hymenaea courbaril,Fabaceae,Hymenaea,courbaril,0.7649999999999999
hypelate trifoliata,Sapindaceae,Hypelate,trifoliata,
hyperbaena lindmanii,Menispermaceae,Hyperbaena,lindmanii,
ilex azuensis,Aquifoliaceae,Ilex,azuensis,
ilex barahonica,Aquifoliaceae,Ilex,barahonica,
ilex fuertesiana,Aquifoliaceae,Ilex,fuertesiana,
ilex guianensis,Aquifoliaceae,Ilex,guianensis,
ilex impressa,Aquifoliaceae,Ilex,impressa,
ilex krugiana,Aquifoliaceae,Ilex,krugiana,
ilex macfadyenii,Aquifoliaceae,Ilex,macfadyenii,
ilex microwrightioides,Aquifoliaceae,Ilex,microwrightioides,
ilex nitida,Aquifoliaceae,Ilex,nitida,
ilex obcordata,Aquifoliaceae,Ilex,obcordata,
ilex repanda,Aquifoliaceae,Ilex,repanda,
ilex riedlaei,Aquifoliaceae,Ilex,riedlaei,
ilex spp.,Aquifoliaceae,Ilex,,0.77
ilex tuerckheimii,Aquifoliaceae,Ilex,tuerckheimii,
illicium ekmanii,Illiciaceae,Illicium,ekmanii,
illicium parviflorum,Illiciaceae,Illicium,parviflorum,
inga fagifolia,Fabaceae,Inga,fagifolia,0.62
inga fastuosa,Fabaceae,Inga,fastuosa,
inga ingoides,Fabaceae,Inga,ingoides,
inga vera spp. vera,Fabaceae,Inga,vera,0.6599999999999999
ixora ferrea,Rubiaceae,Ixora,ferrea,
jacaranda mimosifolia,Bignoniaceae,Jacaranda,mimosifolia,
jacquinia berterii,Theophrastaceae,Jacquinia,berterii,
jacquinia spp.,Theophrastaceae,Jacquinia,,
jatropha curcas,Euphorbiaceae,Jatropha,curcas,
jatropha integerrima,Euphorbiaceae,Jatropha,integerrima,
jatropha multifida,Euphorbiaceae,Jatropha,multifida,
jatropha spp.,Euphorbiaceae,Jatropha,,
juglans jamaicensis,Juglandaceae,Juglans,jamaicensis,0.46
juniperus gracilior,Cupressaceae,Juniperus,gracilior,
krugiodendron ferreum,Rhamnaceae,Krugiodendron,ferreum,1.0
laetia procera,Flacourtiaceae,Laetia,procera,0.75
laetia thamnia,Flacourtiaceae,Laetia,thamnia,
lagerstroemia indica,Lythraceae,Lagerstroemia,indica,
lagerstroemia speciosa,Lythraceae,Lagerstroemia,speciosa,0.55
lagetta lagetto,Thymeliaceae,Lagetta,lagetto,
laguncularia racemosa ,Combretaceae,Laguncularia,racemosa,0.7
laplacea spp.,Theaceae,Laplacea,,
lawsonia inermis,Lythraceae,Lawsonia,inermis,
lemaireocereus hystrix,Cactaceae,Lemaireocereus,hystrix,
leucaena diversifolia,Fabaceae,Leucaena,diversifolia,
leucaena leucocephala subsp. glabrata,Fabaceae,Leucaena,leucocephala,0.645
leucaena leucocephala subsp. leucocephala,Fabaceae,Leucaena,leucocephala,0.7
leucaena spp.,Fabaceae,Leucaena,,
leucaena trichodes,Fabaceae,Leucaena,trichodes,
licaria triandra,Lauraceae,Licaria,triandra,0.8200000000000001
litchi chinensis,Sapindaceae,Litchi,chinensis,
lobelia assurgens,Campanulaceae,Lobelia,assurgens,
lonchocarpus domingensis,Fabaceae,Lonchocarpus,domingensis,
lonchocarpus latifolius,Fabaceae,Lonchocarpus,latifolius,
lonchocarpus longipes,Fabaceae,Lonchocarpus,longipes,
lonchocarpus neurophyllus,Fabaceae,Lonchocarpus,neurophyllus,
lonchocarpus spp. ,Fabaceae,Lonchocarpus,,0.69
lunania ekmanii,Flacourtiaceae,Lunania,ekmanii,
lyonia rubiginosa,Ericaceae,Lyonia,rubiginosa,
lysiloma bahamensis,Fabaceae,Lysiloma,bahamensis,
lysiloma sabicu,Fabaceae,Lysiloma,sabicu,0.585
machaerium lunatum,Fabaceae,Machaerium,lunatum,
maclura tinctoria,Moraceae,Maclura,tinctoria,
magnolia grandiflora,Magnoliaceae,Magnolia,grandiflora,
magnolia hamori,Magnoliaceae,Magnolia,hamori,
magnolia pallescens,Magnoliaceae,Magnolia,pallescens,
magnolia spp.,Magnoliaceae,Magnolia,,0.55
malpighia albiflora,Malpighiaceae,Malpighia,albiflora,
malpighia emarginata,Malpighiaceae,Malpighia,emarginata,
malpighia glabra,Malpighiaceae,Malpighia,glabra,
malpighia megacantha,Malpighiaceae,Malpighia,megacantha,
malpighia setosa,Malpighiaceae,Malpighia,setosa,
malpighia spp.,,Malpighia,,
malpighia urens,Malpighiaceae,Malpighia,urens,
malvaviscus arboreus,Malvaceae,Malvaviscus,arboreus,
mammea americana,Clusiaceae,Mammea,americana,0.62
mangifera indica,Anacardiaceae,Mangifera,indica,0.515
manilkara albescens,Sapotaceae,Manilkara,albescens,
manilkara bidentata,Sapotaceae,Manilkara,bidentata,0.85
manilkara gonavensis,Sapotaceae,Manilkara,gonavensis,
manilkara jaimiqui ssp. haitensis,Sapotaceae,Manilkara,jaimiqui,
manilkara spp.,,Manilkara,,
manilkara zapota,Sapotaceae,Manilkara,zapota,
margaritaria nobilis,Euphorbiaceae,Margaritaria,nobilis,0.9
matayba apetala,Sapindaceae,Matayba,apetala,
matayba domingensis,Sapindaceae,Matayba,domingensis,0.7
matayba scrobiculata,Sapindaceae,Matayba,scrobiculata,
matayba spp.,Sapindaceae,Matayba,,
maytenus buxifolia,Celastraceae,Maytenus,buxifolia,
maytenus domingensis,Celastraceae,Maytenus,domingensis,
maytenus elliptica,Celastraceae,Maytenus,elliptica,
maytenus spp.,Celastraceae,Maytenus,,0.7050000000000001
mecranium amygdalinum,Melastomataceae,Mecranium,amygdalinum,
mecranium spp. except amygdalinum,Melastomataceae,Mecranium,,
melaleuca quiquenervia,Myrtaceae,Melaleuca,quiquenervia,0.65
melia azedarach,Meliaceae,Melia,azedarach,0.46
melicoccus bijugatus,Sapindaceae,Melicoccus,bijugatus,
meliosma abbreviata,Sabiaceae,Meliosma,abbreviata,
meliosma herbertii,Sabiaceae,Meliosma,herbertii,0.42
meliosma impressa ,Sabiaceae,Meliosma,impressa,
meliosma recurvata,Sabiaceae,Meliosma,recurvata,
metopium brownei,Anarcardiceae,Metopium,brownei,
metopium spp.,,Metopium,,
metopium toxiferum,Anarcardiceae,Metopium,toxiferum,
michelia champaca,Magnoliaceae,Michelia,champaca,
miconia impetiolaris,Melastomataceae,Miconia,impetiolaris,
miconia laevigata,Melastomataceae,Miconia,laevigata,
miconia mirabilis,Melastomataceae,Miconia,mirabilis,
miconia ottoschulzii,Melastomataceae,Miconia,ottoschulzii,
miconia prasina,Melastomataceae,Miconia,prasina,
miconia punctata,Melastomataceae,Miconia,punctata,
miconia racemosa,Melastomataceae,Miconia,racemosa,
miconia rubiginosa,Melastomataceae,Miconia,rubiginosa,
miconia serrulata,Melastomataceae,Miconia,serrulata,
miconia spp.,Melastomataceae,Miconia,,
miconia tetrandra,Melastomataceae,Miconia,tetrandra,
micropholis spp.,Sapotaceae,Micropholis,,0.65
mimosa ceratonia,Fabaceae,Mimosa,ceratonia,
mimosa parvifoliolata,Fabaceae,Mimosa,parvifoliolata,
mimosa scabrella,Fabaceae,Mimosa,scabrella,0.56
mora abbottii,Fabaceae,Mora,abbottii,
mora ekmanii,Fabaceae,Mora,ekmanii,
morinda citrifolia,Rubiaceae,Morinda,citrifolia,
morinda royoc,Rubiaceae,Morinda,royoc,
moringa oleifera ,Moringaceae,Moringa,oleifera,
morisonia americana,Brassicaceae,Morisonia,americana,
morus nigra,Moraceae,Morus,nigra,
mouriri domingensis,Melastomataceae,Mouriri,domingensis,
muntingia calabura,Elaeocarpaceae,Muntingia,calabura,
murraya paniculata,Rutaceae,Murraya,paniculata,
musa acuminata colla x m. balbisiana colla 'aaa',Musaceae,Musa,acuminata,
musa acuminata colla x m. balbisiana colla 'aab',Musaceae,Musa,acuminata,
musa spp.,Musaceae,Musa,,
myrcia citrifolia,Myrtaceae,Myrcia,citrifolia,
myrcia deflexa,Myrtaceae,Myrcia,deflexa,0.8
myrcia leptoclada,Myrtaceae,Myrcia,leptoclada,
myrcia splendens,Myrtaceae,Myrcia,splendens,
myrcianthes esnardiana,Myrtaceae,Myrcianthes,esnardiana,
myrcianthes fragrans,Myrtaceae,Myrcianthes,fragrans,
myrciaria floribunda,Myrtaceae,Myrciaria,floribunda,
myrica cerifera,Myricaceae,Myrica,cerifera,
myristica fragrans,Myristicaceae,Myristica,fragrans,0.525
myrospermum frutescens,Fabaceae,Myrospermum,frutescens,
myroxylon balsamum,Fabaceae,Myroxylon,balsamum,0.775
myrsine coriacea,Myrsinaceae,Myrsine,coriacea,0.7
myrsine guianensis,Myrsinaceae,Myrsine,guianensis,
myrsine magnoliifolia,Myrsinaceae,Myrsine,magnoliifolia,
nectandra hihua,,Nectandra,hihua,
neobuchia paulinae,Bombacaceae,Neobuchia,paulinae,
neolaugeria resinosa,Rubiaceae,Neolaugeria,resinosa,0.8
nerium oleander ,Apocynaceae,Nerium,oleander,0.6
ochroma pyramidale,Bombacaceae,Ochroma,pyramidale,0.24
ocotea coriacea,Lauraceae,Ocotea,coriacea,
ocotea floribunda,Lauraceae,Ocotea,floribunda,
ocotea foeniculacea,Lauraceae,Ocotea,foeniculacea,
ocotea globosa,Lauraceae,Ocotea,globosa,
ocotea leucoxylon,Lauraceae,Ocotea,leucoxylon,0.45
ocotea membranacea,Lauraceae,Ocotea,membranacea,0.45
ocotea nemodaphne,Lauraceae,Ocotea,nemodaphne,
ocotea oligoneura,Lauraceae,Ocotea,oligoneura,
ocotea patens,Lauraceae,Ocotea,patens,
ocotea sintensisii,Lauraceae,Ocotea,sintensisii,0.55
ocotea spp.,Lauraceae,Ocotea,,
ocotea wrightii,Lauraceae,Ocotea,wrightii,
omphalea commutata,Euphorbiaceae,Omphalea,commutata,
omphalea spp.,Euphorbiaceae,Omphalea,,
omphalea triandra,Euphorbiaceae,Omphalea,triandra,
opuntia ficus-indica,Cactaceae,Opuntia,ficus-indica,
opuntia moniliformis,Cactaceae,Opuntia,moniliformis,
oreopanax capitatus,Araliaceae,Oreopanax,capitatus,
ormosia krugii,Fabaceae,Ormosia,krugii,0.5900000000000001
ottoschulzia domingensis,Icacinaceae,Ottoschulzia,domingensis,
ottoschulzia rhodoxylon,Icacinaceae,Ottoschulzia,rhodoxylon,
ouratea ilicifolia,Ochnaceae,Ouratea,ilicifolia,
oxandra lanceolata,Annonaceae,Oxandra,lanceolata,0.81
oxandra laurifolia,Annonaceae,Oxandra,laurifolia,
pachira aquatica,Bombacaceae,Pachira,aquatica,
pachira insignis,Bombacaceae,Pachira,insignis,
pachira spp. ,Bombacaceae,Pachira,,
palicourea alpina,Rubiaceae,Palicourea,alpina,
palicourea barbinervia,Rubiaceae,Palicourea,barbinervia,
palicourea crocea,Rubiaceae,Palicourea,crocea,
palicourea domingensis,Rubiaceae,Palicourea,domingensis,
palicourea spp.,Rubiaceae,Palicourea,,
parathesis crenulata,Myrsinaceae,Parathesis,crenulata,
parathesis serrulata,Myrsinaceae,Parathesis,serrulata,
parathesis spp.,,Parathesis,,
parkia roxburghii,Fabaceae,Parkia,roxburghii,
parkinsonia aculeata,Fabaceae,Parkinsonia,aculeata,0.615
peltophorum berteroanum,Fabaceae,Peltophorum,berteroanum,
peltophorum pterocarpum,Fabaceae,Peltophorum,pterocarpum,
pera bumeliifolia,Euphorbiaceae,Pera,bumeliifolia,
pera glomerata,Euphorbiaceae,Pera,glomerata,
persea americana,Lauraceae,Persea,americana,0.525
persea anomala,Lauraceae,Persea,anomala,
persea krugii,Lauraceae,Persea,krugii,
persea spp.,,Persea,,
petitia domingensis,Verbenaceae,Petitia,domingensis,0.66
phoenix canariensis,Arecaceae,Phoenix,canariensis,
phoenix dactylifera,Arecaceae,Phoenix,dactylifera,
phyllanthus acidus,Euphorbiaceae,Phyllanthus,acidus,0.6
phyllanthus juglandifolius,Euphorbiaceae,Phyllanthus,juglandifolius,
phyllostylon brasiliense,Ulmaceae,Phyllostylon,brasiliense,0.785
picramnia antidesma,Simaroubaceae,Picramnia,antidesma,
picramnia pentandra,Simaroubaceae,Picramnia,pentandra,
picrasma excelsa,Simaroubaceae,Picrasma,excelsa,
picrodendron baccatum,Euphorbiaceae,Picrodendron,baccatum,
pictetia aculeata,Fabaceae,Pictetia,aculeata,0.8
pictetia obcordata,Fabaceae,Pictetia,obcordata,
pictetia spinifolia,Fabaceae,Pictetia,spinifolia,1.1400000000000001
pilocarpus racemosus,Rutaceae,Pilocarpus,racemosus,
pimenta dioica,Myrtaceae,Pimenta,dioica,
pimenta racemosa,Myrtaceae,Pimenta,racemosa,0.9
pimenta racemosa var grisea,Myrtaceae,Pimenta,racemosa,
pimenta racemosa var racemosa,Myrtaceae,Pimenta,racemosa,
pimenta terebinthina,Myrtaceae,Pimenta,terebinthina,
pinus caribaea,Pinaceae,Pinus,caribaea,0.52
pinus occidentalis,Pinaceae,Pinus,occidentalis,0.6699999999999999
pinus spp.,,Pinus,,
piper aduncum,Piperaceae,Piper,aduncum,
piper amalago,Piperaceae,Piper,amalago,
piper tuberculatum,Piperaceae,Piper,tuberculatum,
piptadenia peregrina,Fabaceae,Piptadenia,peregrina,0.66
piscidia piscipula,Fabaceae,Piscidia,piscipula,
pisonia aculeata,Nyctaginaceae,Pisonia,aculeata,
pisonia albida,Nyctaginaceae,Pisonia,albida,
pisonia helleri,Nyctaginaceae,Pisonia,helleri,
pisonia rotundata,Nyctaginaceae,Pisonia,rotundata,0.5
pithecellobium abbottii,Fabaceae,Pithecellobium,abbottii,
pithecellobium arboreum,Fabaceae,Pithecellobium,arboreum,0.7
pithecellobium circinale,Fabaceae,Pithecellobium,circinale,1.0150000000000001
pithecellobium dulce,Fabaceae,Pithecellobium,dulce,0.635
pithecellobium glaucum,Fabaceae,Pithecellobium,glaucum,
pithecellobium lentiscifolium,Fabaceae,Pithecellobium,lentiscifolium,
pithecellobium unguis-cati,Fabaceae,Pithecellobium,unguis-cati,
pleodendron spp.,Canellaceae,Pleodendron,,
plumeria alba,Apocynaceae,Plumeria,alba,
plumeria obtusa,Apocynaceae,Plumeria,obtusa,
plumeria obtusa x p. subsessilis,Apocynaceae,Plumeria,obtusa,
plumeria rubra,Apocynaceae,Plumeria,rubra,
plumeria rubra x p. subsessilis,Apocynaceae,Plumeria,rubra,
plumeria spp.,Apocynaceae,Plumeria,,
plumeria stenopetala,Apocynaceae,Plumeria,stenopetala,
plumeria subsessilis,Apocynaceae,Plumeria,subsessilis,
plumeria tuberculata,Apocynaceae,Plumeria,tuberculata,
podocarpus angustifolius,Podocarpaceae,Podocarpus,angustifolius,
podocarpus spp.,Podocarpaceae,Podocarpus,,0.455
polygala penaea,Polygalaceae,Polygala,penaea,
polyscias balfouriana,Araliaceae,Polyscias,balfouriana,
polyscias filicifolia,Araliaceae,Polyscias,filicifolia,
polyscias guilfoylei,Araliaceae,Polyscias,guilfoylei,
polyscias pinnata,Araliaceae,Polyscias,pinnata,
polyscias spp.,,Polyscias,,
pouteria dictyoneura ssp. fuertesii,Sapotaceae,Pouteria,dictyoneura,
pouteria domingensis,Sapotaceae,Pouteria,domingensis,
pouteria multiflora,Sapotaceae,Pouteria,multiflora,
pouteria sapota,Sapotaceae,Pouteria,sapota,0.6
prestoea acuminata,Arecaceae,Prestoea,acuminata,
prosopis juliflora,Fabaceae,Prosopis,juliflora,0.8
prunus americana,Rosaceae,Prunus,americana,
prunus domestica,Rosaceae,Prunus,domestica,
prunus myrtifolia,Rosaceae,Prunus,myrtifolia,
prunus occidentalis,Rosaceae,Prunus,occidentalis,0.9750000000000001
prunus persica ,Rosaceae,Prunus,persica,
prunus spp.,,Prunus,,
pseudanamomis umbellulifera,Myrtaceae,Pseudanamomis,umbellulifera,
pseudobombax,Bombacaceae,Pseudobombax,,
pseudolmedia spp.,Moraceae,Pseudolmedia,,
pseudolmedia spuria,Moraceae,Pseudolmedia,spuria,
pseudophoenix lediniana,Arecaceae,Pseudophoenix,lediniana,
pseudophoenix sargentii,Arecaceae,Pseudophoenix,sargentii,
pseudophoenix vinifera,Arecaceae,Pseudophoenix,vinifera,
psidium dictyophyllum,Myrtaceae,Psidium,dictyophyllum,
psidium guajava,Myrtaceae,Psidium,guajava,0.8
psychotria berteriana,Rubiaceae,Psychotria,berteriana,
psychotria grandis,Rubiaceae,Psychotria,grandis,
psychotria nutans,Rubiaceae,Psychotria,nutans,
psychotria spp.,Rubiaceae,Psychotria,,
pterocarpus gummifer,Fabaceae,Pterocarpus,gummifer,
pterocarpus microcarpus,Fabaceae,Pterocarpus,microcarpus,
pterocarpus officinalis,Fabaceae,Pterocarpus,officinalis,0.7150000000000001
punica granatum,Punicaceae,Punica,granatum,
pyrus communis,Rosaceae,Pyrus,communis,
quararibea turbinata,Bombacaceae,Quararibea,turbinata,
quassia amara,Simaroubaceae,Quassia,amara,
randia aculeata,Rubiaceae,Randia,aculeata,
randia erythrocarpa,Rubiaceae,Randia,erythrocarpa,
rauvolfia biauriculata,Apocynaceae,Rauvolfia,biauriculata,
rauvolfia nitida,Apocynaceae,Rauvolfia,nitida,
rauvolfia viridis,Apocynaceae,Rauvolfia,viridis,
ravenala madagascariensis,Musaceae,Ravenala,madagascariensis,
reynosia affinis,,Reynosia,affinis,
reynosia uncinata,Rhamnaceae,Reynosia,uncinata,
rhamnus,Rhamnaceae,Rhamnus,,
rhizophora mangle,Rhizophoraceae,Rhizophora,mangle,0.89
ricinus communis,Euphorbiaceae,Ricinus,communis,
rochefortia acanthophora,Boraginaceae,Rochefortia,acanthophora,
rollinia mucosa,Annonaceae,Rollinia,mucosa,
rondeletia spp.,Rubiaceae,Rondeletia,,
roystonea borinquena,Arecaceae,Roystonea,borinquena,
sabal causiarum,Arecaceae,Sabal,causiarum,
sabal domingensis,Arecaceae,Sabal,domingensis,
sabal spp.,,Sabal,,
sambucus candensis,Adoxaceae,Sambucus,candensis,
sambucus simpsonii,Adoxaceae,Sambucus,simpsonii,
sambucus spp.,Adoxaceae,Sambucus,,
sapindus saponaria,Sapindaceae,Sapindus,saponaria,0.8
sapium buchii,Euphorbiaceae,Sapium,buchii,
sapium jamaicense,Euphorbiaceae,Sapium,jamaicense,
sapium laurifolium,,Sapium,laurifolium,
sapium spp.,Euphorbiaceae,Sapium,,0.45
savia sessiliflora,Euphorbiaceae,Savia,sessiliflora,
schaefferia frutescens,Celastraceae,Schaefferia,frutescens,
schefflera morototoni,Araliaceae,Schefflera,morototoni,0.45
schefflera spp. ,,Schefflera,,
schefflera tremula,Araliaceae,Schefflera,tremula,
schinus molle,Anacardiaceae,Schinus,molle,
schinus terbinthifolius,Anacardiaceae,Schinus,terbinthifolius,
schoepfia obovata,Olacaceae,Schoepfia,obovata,
sciadodendron excelsum,,Sciadodendron,excelsum,
sciadodendron excelsum,Anacardiaceae,Sciadodendron,excelsum,
securinega acidoton,Euphorbiaceae,Securinega,acidoton,
senna alata,,Senna,alata,
senna angustiliqua,Fabaceae,Senna,angustiliqua,
senna atomaria,Fabaceae,Senna,atomaria,0.71
senna bicapsularis,,Senna,bicapsularis,
senna domingensis,Fabaceae,Senna,domingensis,
senna pendula var. advena,Fabaceae,Senna,pendula,
senna polyphylla var. polyphylla,Fabaceae,Senna,polyphylla,
senna septemtrionalisis,Fabaceae,Senna,septemtrionalisis,
senna siamea,Fabaceae,Senna,siamea,0.7
senna spectabilis,Fabaceae,Senna,spectabilis,
senna spp.,,Senna,,
sesbania bispinosa,Fabaceae,Sesbania,bispinosa,
sesbania grandiflora,Fabaceae,Sesbania,grandiflora,
sesbania sesban,Fabaceae,Sesbania,sesban,
sideroxylon cubense,Sapotaceae,Sideroxylon,cubense,
sideroxylon obovatum,Sapotaceae,Sideroxylon,obovatum,
sideroxylon portoricense,Sapotaceae,Sideroxylon,portoricense,0.9
sideroxylon salicifolium,Sapotaceae,Sideroxylon,salicifolium,0.9450000000000001
sideroxylon spp.,,Sideroxylon,,
simarouba berteroana,Simaroubaceae,Simarouba,berteroana,
simarouba glauca dc. var. latifolia,Simaroubaceae,Simarouba,glauca,
simarouba spp. ,Simaroubaceae,Simarouba,,0.375
sloanea amygdalina,Elaeocarpaceae,Sloanea,amygdalina,
sloanea berteriana,Elaeocarpaceae,Sloanea,berteriana,0.8
sloanea ilicifolia,Elaeocarpaceae,Sloanea,ilicifolia,
sloanea spp.,,Sloanea,,
solanum antillarum,Solanaceae,Solanum,antillarum,
solanum erianthum,Solanaceae,Solanum,erianthum,
solanum polygamum,Solanaceae,Solanum,polygamum,
solanum rugosum,Solanaceae,Solanum,rugosum,
solanum spp.,,Solanum,,
solanum torvum,Solanaceae,Solanum,torvum,
spathodea campanulata,Bignoniaceae,Spathodea,campanulata,
,,,,
spondias dulcis,Anacardiaceae,Spondias,dulcis,
spondias mombin,Anacardiaceae,Spondias,mombin,0.33
spondias purpurea,Anacardiaceae,Spondias,purpurea,
spondias spp.,,Spondias,,
spondias x robe,Anacardiaceae,Spondias,x,
stahlia monosperma,Fabaceae,Stahlia,monosperma,
stegnosperma cubense,Phytolaccaceae,Stegnosperma,cubense,
sterculia apetala,Malvaceae,Sterculia,apetala,0.33
sterculia foetida,Malvaceae,Sterculia,foetida,
strumpfia maritima,Rubiaceae,Strumpfia,maritima,
suriana maritima,Simaroubaceae,Suriana,maritima,
swietenia macrophylla,Meliaceae,Swietenia,macrophylla,0.54
swietenia mahagoni,Meliaceae,Swietenia,mahagoni,0.685
symphonia globulifera,Clusiaceae,Symphonia,globulifera,0.585
symplocos berteroi,Symplocaceae,Symplocos,berteroi,
syzygium cumini,Myrtaceae,Syzygium,cumini,
syzygium jambos,Myrtaceae,Syzygium,jambos,0.7
syzygium malaccense,Myrtaceae,Syzygium,malaccense,
tabebuia acrophylla,Bignoniaceae,Tabebuia,acrophylla,
tabebuia berteri,Bignoniaceae,Tabebuia,berteri,
tabebuia conferta,Bignoniaceae,Tabebuia,conferta,
tabebuia heterophylla,Bignoniaceae,Tabebuia,heterophylla,
tabebuia spp.,Bignoniaceae,Tabebuia,,0.585
tabernaemontana amygdalifolia,Apocynaceae,Tabernaemontana,amygdalifolia,
tabernaemontana citrifolia,Apocynaceae,Tabernaemontana,citrifolia,
tabernaemontana divaricata,Apocynaceae,Tabernaemontana,divaricata,
talisia jimenezii,Sapindaceae,Talisia,jimenezii,
tamarindus indica,Fabaceae,Tamarindus,indica,0.8500000000000001
tecoma stans,Bignoniaceae,Tecoma,stans,
tectona grandis,Verbenaceae,Tectona,grandis,0.585
terminalia catappa,Combretaceae,Terminalia,catappa,0.515
terminalia domingensis,Combretaceae,Terminalia,domingensis,
ternstroemia peduncularis,Theaceae,Ternstroemia,peduncularis,
tetragastris balsamifera,Burseraceae,Tetragastris,balsamifera,
tetragastris spp.,Burseraceae,Tetragastris,,0.7050000000000001
tetrazygia angustifolia,Melastomataceae,Tetrazygia,angustifolia,
tetrazygia elaeagnoides,Melastomataceae,Tetrazygia,elaeagnoides,
tetrazygia spp.,Melastomataceae,Tetrazygia,,
theobroma cacao subsp. cacao ,Malvaceae,Theobroma,cacao,
thespesia populnea,Malvaceae,Thespesia,populnea,
thevetia peruviana,Apocynaceae,Thevetia,peruviana,
thouinia spp.,Sapindaceae,Thouinia,,
thouinia trifoliata,,Thouinia,trifoliata,
thouinidium pinnatum,,Thouinidium,pinnatum,
thouinidium pulverulentum,,Thouinidium,pulverulentum,
thouinidium spp. ,Sapindaceae,Thouinidium,,
thrinax morrisii,Arecaceae,Thrinax,morrisii,
thrinax radiata,Arecaceae,Thrinax,radiata,
thrinax spp.,,Thrinax,,
tibouchina longifolia,Melastomataceae,Tibouchina,longifolia,
torralbasia cunefolia,Celastraceae,Torralbasia,cunefolia,
tournefortia hirsutissima,,Tournefortia,hirsutissima,
trema lamarckiana,Ulmaceae,Trema,lamarckiana,
trema micrantha,Ulmaceae,Trema,micrantha,0.4
trichilia aquifolia,Meliaceae,Trichilia,aquifolia,
trichilia havanensis,Meliaceae,Trichilia,havanensis,
trichilia hirta,Meliaceae,Trichilia,hirta,0.5
trichilia pallida,Meliaceae,Trichilia,pallida,
trichilia spp.,Meliaceae,Trichilia,,
trichostigma octandrum,Phytolaccaceae,Trichostigma,octandrum,
trophis racemosa ,Moraceae,Trophis,racemosa,0.535
turpina occidentalis,Staphyleaceae,Turpina,occidentalis,
urera baccifera,Urticaceae,Urera,baccifera,
victorinia acranda,Euphorbiaceae,Victorinia,acranda,
vitex agnus-castus,Verbenaceae,Vitex,agnus-castus,
vitex divaricata,Verbenaceae,Vitex,divaricata,0.5700000000000001
vitex heptaphylla,Verbenaceae,Vitex,heptaphylla,
vitex spp.,Verbenaceae,Vitex,,
wallenia apiculata,Myrsinaceae,Wallenia,apiculata,
ardisia domingensis,Myrsinaceae,Ardisia,domingensis,
weinmannia pinnata,Cunoniaceae,Weinmannia,pinnata,
wercklea horiida,Malvaceae,Wercklea,horiida,
ximenia americana,Olacaceae,Ximenia,americana,0.95
xylosma buxifolium,Flacourtiaceae,Xylosma,buxifolium,
xylosma lineolatum,Flacourtiaceae,Xylosma,lineolatum,
xylosma schaefferioides,Flacourtiaceae,Xylosma,schaefferioides,
xylosma spp. ,Flacourtiaceae,Xylosma,,
yucca aloifolia,Liliaceae,Yucca,aloifolia,
yucca elephantipes,Liliaceae,Yucca,elephantipes,
yucca spp.,Liliaceae,Yucca,,
zanthoxylum elephantiasis,Rutaceae,Zanthoxylum,elephantiasis,
zanthoxylum fagara,Rutaceae,Zanthoxylum,fagara,
zanthoxylum flavum,Rutaceae,Zanthoxylum,flavum,0.775
zanthoxylum martinicense,Rutaceae,Zanthoxylum,martinicense,0.56
zanthoxylum monophyllum,Rutaceae,Zanthoxylum,monophyllum,0.76
zanthoxylum pimpinelloides,Rutaceae,Zanthoxylum,pimpinelloides,
zanthoxylum punctatum,Rutaceae,Zanthoxylum,punctatum,
zanthoxylum schreberi,Rutaceae,Zanthoxylum,schreberi,
zanthoxylum spinifex,Rutaceae,Zanthoxylum,spinifex,
zanthoxylum spp.,Rutaceae,Zanthoxylum,,
ziziphus mauritiana,Rhamnaceae,Ziziphus,mauritiana,
ziziphus reticulata,Rhamnaceae,Ziziphus,reticulata,
ziziphus rhodoxylon,Rhamnaceae,Ziziphus,rhodoxylon,
ziziphus rignonii,Rhamnaceae,Ziziphus,rignonii,
ziziphus spp.,Rhamnaceae,Ziziphus,,0.9
zombia antillarum,Arecaceae,Zombia,antillarum,
zuelania guidonia,Flacourtiaceae,Zuelania,guidonia,
zygia latifolia,Fabaceae,Zygia,latifolia,
