"family","genus","species","meanWD","sdWD","levelWD","nInd"
"Sapotaceae","Mastichodendron","foetidissimum",0.714777960939882,0.123401724247162,"family",31
"Sapotaceae","Mastichodendron","foetidissimum",0.714777960939882,0.123401724247162,"family",31
"Solanaceae","Solanum","torvum",0.411857142857143,0.0941339098036177,"genus",7
"Solanaceae","Solanum","erianthm",0.411857142857143,0.0941339098036177,"genus",7
"Solanaceae","Solanum","erianthm",0.411857142857143,0.0941339098036177,"genus",7
"Erythroxylaceae","Erythroxylum","areolatum",0.789611111111111,0.0941339098036177,"genus",16
"Erythroxylaceae","Erythroxylum","areolatum",0.789611111111111,0.0941339098036177,"genus",16
"Erythroxylaceae","Erythroxylum","areolatum",0.789611111111111,0.0941339098036177,"genus",16
"Araucariaceae","Araucaria","heterophylla",0.475571428571429,0.0941339098036177,"genus",7
"Musaceae","Musa","spp.",0.63428403575867,0.156504650873455,"dataset",920
"Musaceae","Musa","spp.",0.63428403575867,0.156504650873455,"dataset",920
"Fabaceae","Cassia","grandis",0.735827777777778,0.0941339098036177,"genus",15
"Fabaceae","Erythrina","variegata",0.28,0.0708232617216773,"species",1
"Fabaceae","Prosopis","juliflora",0.79375,0.0708232617216773,"species",8
"Fabaceae","Prosopis","juliflora",0.79375,0.0708232617216773,"species",8
"Solanaceae","Acnistus","arborescens",0.537788095238095,0.123401724247162,"family",5
"Solanaceae","Acnistus","arborescens",0.537788095238095,0.123401724247162,"family",5
"Moringaceae","Moringa","oleifera",0.262,0.0708232617216773,"species",1
"Anacardiaceae","Comocladia","spp.",0.79,0.0941339098036177,"genus",1
"Anacardiaceae","Comocladia","spp.",0.79,0.0941339098036177,"genus",1
"Fabaceae","Erythrina","berteroana",0.3,0.0708232617216773,"species",1
"Myrtaceae","Eugenia","domingensis",0.722760273972603,0.0941339098036177,"genus",73
"Myrtaceae","Eugenia","domingensis",0.722760273972603,0.0941339098036177,"genus",73
"Rhamnaceae","Reynosia","uncinata",0.742069687257187,0.123401724247162,"family",13
"Rhamnaceae","Reynosia","uncinata",0.742069687257187,0.123401724247162,"family",13
"Rhamnaceae","Reynosia","uncinata",0.742069687257187,0.123401724247162,"family",13
"Rhamnaceae","Reynosia","uncinata",0.742069687257187,0.123401724247162,"family",13
"Theophrastaceae","Jacquinia","spp.",0.63428403575867,0.156504650873455,"dataset",920
"Theophrastaceae","Jacquinia","spp.",0.63428403575867,0.156504650873455,"dataset",920
"Ulmaceae","Phyllostylon","brasiliense",0.7543,0.0941339098036177,"genus",2
"Simaroubaceae","Simarouba","spp.",0.557177777777778,0.0941339098036177,"genus",3
"Simaroubaceae","Simarouba","spp.",0.557177777777778,0.0941339098036177,"genus",3
"Brassicaceae","Capparis","frondosa",0.63428403575867,0.156504650873455,"dataset",920
"Brassicaceae","Capparis","frondosa",0.63428403575867,0.156504650873455,"dataset",920
"Euphorbiaceae","Sapium","spp.",0.419269607843137,0.0941339098036177,"genus",17
"Euphorbiaceae","Sapium","spp.",0.419269607843137,0.0941339098036177,"genus",17
"Annonaceae","Guatteria","blainii",0.8,0.0708232617216773,"species",1
"Rutaceae","Amyris","spp.",0.975,0.0941339098036177,"genus",2
"Rutaceae","Amyris","spp.",0.975,0.0941339098036177,"genus",2
"Boraginaceae","Cordia","alba",0.542470421245421,0.0941339098036177,"genus",42
"Brassicaceae","Capparis","cynophallophora",0.63428403575867,0.156504650873455,"dataset",920
"Brassicaceae","Capparis","cynophallophora",0.63428403575867,0.156504650873455,"dataset",920
"Myrtaceae","Myrcia","citrifolia",0.8155,0.0941339098036177,"genus",8
"Myrtaceae","Myrcia","citrifolia",0.8155,0.0941339098036177,"genus",8
"Myrtaceae","Myrcia","citrifolia",0.8155,0.0941339098036177,"genus",8
"Fabaceae","Lonchocarpus","spp.",0.760980434782609,0.0941339098036177,"genus",23
"Fabaceae","Lonchocarpus","spp.",0.760980434782609,0.0941339098036177,"genus",23
"Sapotaceae","Bumelia","cubensis",0.714777960939882,0.123401724247162,"family",31
"Myrtaceae","Pimenta","racemosa",0.9,0.0708232617216773,"species",1
"Myrtaceae","Pimenta","racemosa",0.9,0.0708232617216773,"species",1
"Theaceae","Ternstroemia","peduncularis",0.567715277777778,0.123401724247162,"family",6
"Boraginaceae","Cordia","spp. (dark-wooded)",0.542470421245421,0.0941339098036177,"genus",42
"Boraginaceae","Cordia","spp. (dark-wooded)",0.542470421245421,0.0941339098036177,"genus",42
"Myrtaceae","Eugenia","monticola",0.722760273972603,0.0941339098036177,"genus",73
"Myrtaceae","Eugenia","monticola",0.722760273972603,0.0941339098036177,"genus",73
"Clusiaceae","Rheedia","spp.",0.66921165577342,0.123401724247162,"family",9
"Clusiaceae","Rheedia","spp.",0.66921165577342,0.123401724247162,"family",9
"Malvaceae","Guazuma","ulmifolia",0.518833333333333,0.0708232617216773,"species",12
"Malvaceae","Helicteres","jamaicensis",0.48873153604215,0.123401724247162,"family",73
"Malvaceae","Helicteres","jamaicensis",0.48873153604215,0.123401724247162,"family",73
"Malvaceae","Helicteres","jamaicensis",0.48873153604215,0.123401724247162,"family",73
"Verbenaceae","Petitia","domingensis",0.642583333333333,0.123401724247162,"family",3
"Rubiaceae","Morinda","citrifolia",0.63,0.0708232617216773,"species",2
"Fabaceae","Piptadenia","peregrina",0.798833333333333,0.0941339098036177,"genus",6
"Fabaceae","Piptadenia","peregrina",0.798833333333333,0.0941339098036177,"genus",6
"Rhamnaceae","Krugiodendron","ferreum",1.15,0.0708232617216773,"species",2
"Ulmaceae","Celtis","trinervia",0.662276666666667,0.123401724247162,"family",5
"Ulmaceae","Celtis","trinervia",0.662276666666667,0.123401724247162,"family",5
"Celastraceae","Maytenus","spp.",0.713194444444444,0.0941339098036177,"genus",18
"Celastraceae","Maytenus","spp.",0.713194444444444,0.0941339098036177,"genus",18
"Celastraceae","Maytenus","spp.",0.713194444444444,0.0941339098036177,"genus",18
"Sapindaceae","Matayba","domingensis",0.7,0.0708232617216773,"species",1
"Sapindaceae","Matayba","domingensis",0.7,0.0708232617216773,"species",1
"Verbenaceae","Duranta","repens",0.561,0.0941339098036177,"genus",1
"Verbenaceae","Duranta","repens",0.561,0.0941339098036177,"genus",1
"Moraceae","Chlorophora","tinctoria",0.566926178609433,0.123401724247162,"family",26
"Papaveraceae","Bocconia","frutescens",0.63428403575867,0.156504650873455,"dataset",920
"Papaveraceae","Bocconia","frutescens",0.63428403575867,0.156504650873455,"dataset",920
"Fabaceae","Senna","atomaria",0.8,0.0708232617216773,"species",1
"Brassicaceae","Capparis","flexuosa",0.63428403575867,0.156504650873455,"dataset",920
"Malpighiaceae","Bunchosia","glandulosa",0.695,0.0941339098036177,"genus",2
"Malpighiaceae","Bunchosia","glandulosa",0.695,0.0941339098036177,"genus",2
"Araliaceae","Schefflera","morototoni",0.4559375,0.0708232617216773,"species",16
"Celastraceae","Schaefferia","frutescens",0.679654620181406,0.123401724247162,"family",14
"Celastraceae","Schaefferia","frutescens",0.679654620181406,0.123401724247162,"family",14
"Nyctaginaceae","Guapira","obtusata",0.670777777777778,0.0941339098036177,"genus",3
"Clusiaceae","Symphonia","globulifera",0.6004,0.0708232617216773,"species",20
"Burseraceae","Tetragastris","spp.",0.700038095238095,0.0941339098036177,"genus",5
"Elaeocarpaceae","Sloanea","amygdalina",0.609456770833333,0.0941339098036177,"genus",32
"Elaeocarpaceae","Sloanea","amygdalina",0.609456770833333,0.0941339098036177,"genus",32
"Elaeocarpaceae","Sloanea","amygdalina",0.609456770833333,0.0941339098036177,"genus",32
"Fabaceae","Pithecellobium","arboreum",0.655,0.0708232617216773,"species",2
"Fabaceae","Pithecellobium","arboreum",0.655,0.0708232617216773,"species",2
"Euphorbiaceae","Drypetes","lateriflora",0.543103218248876,0.123401724247162,"family",72
"Euphorbiaceae","Drypetes","spp.",0.543103218248876,0.123401724247162,"family",72
"Euphorbiaceae","Drypetes","spp.",0.543103218248876,0.123401724247162,"family",72
"Sapindaceae","Exothea","paniculata",0.73,0.0708232617216773,"species",1
"Sapindaceae","Exothea","paniculata",0.73,0.0708232617216773,"species",1
"Sapindaceae","Exothea","paniculata",0.73,0.0708232617216773,"species",1
"Euphorbiaceae","Alchornea","latifolia",0.426666666666667,0.0708232617216773,"species",3
"Euphorbiaceae","Alchornea","latifolia",0.426666666666667,0.0708232617216773,"species",3
"Euphorbiaceae","Alchornea","latifolia",0.426666666666667,0.0708232617216773,"species",3
"Annonaceae","Oxandra","lanceolata",0.815,0.0708232617216773,"species",2
"Apocynaceae","Rauvolfia","nitida",0.486345238095238,0.0941339098036177,"genus",7
"Apocynaceae","Rauvolfia","nitida",0.486345238095238,0.0941339098036177,"genus",7
"Apocynaceae","Tabernaemontana","citrifolia",0.526071428571429,0.0941339098036177,"genus",14
"Apocynaceae","Tabernaemontana","citrifolia",0.526071428571429,0.0941339098036177,"genus",14
"Apocynaceae","Tabernaemontana","citrifolia",0.526071428571429,0.0941339098036177,"genus",14
"Verbenaceae","Vitex","divaricata",0.642583333333333,0.123401724247162,"family",3
"Verbenaceae","Vitex","spp.",0.642583333333333,0.123401724247162,"family",3
"Verbenaceae","Vitex","spp.",0.642583333333333,0.123401724247162,"family",3
"Verbenaceae","Vitex","spp.",0.642583333333333,0.123401724247162,"family",3
"Podocarpaceae","Podocarpus","spp.",0.48448536036036,0.0941339098036177,"genus",37
"Cunoniaceae","Brunellia","comocladiifolia",0.592793563988095,0.123401724247162,"family",16
"Rhamnaceae","Colubrina","elliptica",0.8,0.0708232617216773,"species",1
"Euphorbiaceae","Gymnanthes","lucida",1.1,0.0708232617216773,"species",1
"Combretaceae","Buchenavia","capitata",0.745398148148148,0.0941339098036177,"genus",9
"Combretaceae","Buchenavia","capitata",0.745398148148148,0.0941339098036177,"genus",9
"Piperaceae","Piper","aduncum",0.3935,0.0941339098036177,"genus",2
"Piperaceae","Piper","aduncum",0.3935,0.0941339098036177,"genus",2
"Moraceae","Pseudolmedia","spuria",0.75,0.0708232617216773,"species",1
"Moraceae","Pseudolmedia","spuria",0.75,0.0708232617216773,"species",1
"Anarcardiceae","Metopium","toxiferum",0.63428403575867,0.156504650873455,"dataset",920
"Myrtaceae","Eugenia","rhombea",0.722760273972603,0.0941339098036177,"genus",73
"Fabaceae","Erythrina","poeppigiana",0.305,0.0708232617216773,"species",2
"Fabaceae","Pterocarpus","officinalis",0.382875,0.0708232617216773,"species",8
"Fabaceae","Pterocarpus","officinalis",0.382875,0.0708232617216773,"species",8
"Bignoniaceae","Tabebuia","spp.",0.762322839506173,0.0941339098036177,"genus",27
"Bignoniaceae","Tabebuia","spp.",0.762322839506173,0.0941339098036177,"genus",27
"Bignoniaceae","Tabebuia","spp.",0.762322839506173,0.0941339098036177,"genus",27
"Fabaceae","Ormosia","krugii",0.5,0.0708232617216773,"species",1
"Moraceae","Trophis","racemosa",0.659333333333333,0.0708232617216773,"species",3
"Moraceae","Trophis","racemosa",0.659333333333333,0.0708232617216773,"species",3
"Araliaceae","Dendropanax","arboreus",0.419833333333333,0.0708232617216773,"species",6
"Flacourtiaceae","Casearia","spp.",0.63428403575867,0.156504650873455,"dataset",920
"Flacourtiaceae","Casearia","spp.",0.63428403575867,0.156504650873455,"dataset",920
"Lauraceae","Beilschmiedia","pendula",0.503,0.0708232617216773,"species",2
"Clusiaceae","Clusia","minor",0.676428571428571,0.0941339098036177,"genus",7
"Clusiaceae","Clusia","minor",0.676428571428571,0.0941339098036177,"genus",7
"Clusiaceae","Clusia","minor",0.676428571428571,0.0941339098036177,"genus",7
"Clusiaceae","Clusia","rosea",0.605,0.0708232617216773,"species",2
"Clusiaceae","Clusia","rosea",0.605,0.0708232617216773,"species",2
"Fabaceae","Andira","inermis",0.64325,0.0708232617216773,"species",8
"Rubiaceae","Antirhea","lucida",0.63736886786531,0.123401724247162,"family",89
"Rubiaceae","Antirhea","lucida",0.63736886786531,0.123401724247162,"family",89
"Pinaceae","Pinus","caribaea",0.570666666666667,0.0708232617216773,"species",6
"Pinaceae","Pinus","occidentalis",0.439094376026273,0.0941339098036177,"genus",58
"Melastomataceae","Mecranium","amygdalinum",0.609413645224172,0.123401724247162,"family",15
"Rutaceae","Zanthoxylum","flavum",0.7825,0.0708232617216773,"species",4
"Rutaceae","Zanthoxylum","monophyllum",0.617740728715729,0.0941339098036177,"genus",30
"Rhamnaceae","Colubrina","arborescens",0.7,0.0708232617216773,"species",1
"Rhamnaceae","Colubrina","arborescens",0.7,0.0708232617216773,"species",1
"Rhamnaceae","Colubrina","arborescens",0.7,0.0708232617216773,"species",1
"Myrsinaceae","Myrsine","coriacea",0.63428403575867,0.156504650873455,"dataset",920
"Myrsinaceae","Myrsine","coriacea",0.63428403575867,0.156504650873455,"dataset",920
"Myrsinaceae","Myrsine","coriacea",0.63428403575867,0.156504650873455,"dataset",920
"Ebenaceae","Diospyros","spp.",0.683275126262626,0.0941339098036177,"genus",132
"Ebenaceae","Diospyros","spp.",0.683275126262626,0.0941339098036177,"genus",132
"Fabaceae","Acacia","scleroxyla",0.787831280193237,0.0941339098036177,"genus",115
"Fabaceae","Acacia","scleroxyla",0.787831280193237,0.0941339098036177,"genus",115
"Fabaceae","Acacia","scleroxyla",0.787831280193237,0.0941339098036177,"genus",115
"Apocynaceae","Thevetia","peruviana",0.72,0.0941339098036177,"genus",1
"Boraginaceae","Cordia","alliodora",0.520307692307692,0.0708232617216773,"species",13
"Boraginaceae","Cordia","alliodora",0.520307692307692,0.0708232617216773,"species",13
"Ulmaceae","Trema","micrantha",0.662276666666667,0.123401724247162,"family",5
"Elaeocarpaceae","Muntingia","calabura",0.544239926781401,0.123401724247162,"family",6
"Fabaceae","Enterolobium","cyclocarpum",0.39,0.0708232617216773,"species",8
"Buxaceae","Buxus","spp.",0.722,0.0941339098036177,"genus",3
"Myrtaceae","Eugenia","foetida",0.722760273972603,0.0941339098036177,"genus",73
"Simaroubaceae","Picramnia","pentandra",0.433019603174603,0.123401724247162,"family",7
"Sapotaceae","Manilkara","albescens",0.885127236652237,0.0941339098036177,"genus",21
"Sapotaceae","Manilkara","albescens",0.885127236652237,0.0941339098036177,"genus",21
"Meliaceae","Guarea","spp.",0.607288888888889,0.0941339098036177,"genus",15
"Rutaceae","Citrus","spp.",0.74,0.0941339098036177,"genus",2
"Rutaceae","Citrus","spp.",0.74,0.0941339098036177,"genus",2
"Sapindaceae","Hypelate","trifoliata",0.734010660538292,0.123401724247162,"family",57
"Bignoniaceae","Catalpa","longissima",0.723333333333333,0.0708232617216773,"species",3
"Bignoniaceae","Catalpa","longissima",0.723333333333333,0.0708232617216773,"species",3
"Bignoniaceae","Tecoma","stans",0.466,0.0708232617216773,"species",2
"Clusiaceae","Calophyllum","calaba",0.66921165577342,0.123401724247162,"family",9
"Arecaceae","Phoenix","dactylifera",0.551760416666667,0.123401724247162,"family",16
"Fabaceae","Bauhinia","monandra",0.755333333333333,0.0941339098036177,"genus",9
"Fabaceae","Bauhinia","monandra",0.755333333333333,0.0941339098036177,"genus",9
"Fabaceae","Leucaena","leucocephala subsp. leucocephala",0.678666666666667,0.0941339098036177,"genus",5
"Fabaceae","Leucaena","leucocephala subsp. leucocephala",0.678666666666667,0.0941339098036177,"genus",5
"Fabaceae","Caesalpinia","coriaria",1.1375,0.0708232617216773,"species",4
"Fabaceae","Caesalpinia","coriaria",1.1375,0.0708232617216773,"species",4
"Lauraceae","Ocotea","leucoxylon",0.462,0.0708232617216773,"species",2
"Lauraceae","Ocotea","leucoxylon",0.462,0.0708232617216773,"species",2
"Lauraceae","Ocotea","leucoxylon",0.462,0.0708232617216773,"species",2
"Lauraceae","Ocotea","leucoxylon",0.462,0.0708232617216773,"species",2
"Lauraceae","Ocotea","leucoxylon",0.462,0.0708232617216773,"species",2
"Myoporaceae","Bontia","daphnoides",0.63428403575867,0.156504650873455,"dataset",920
"Myoporaceae","Bontia","daphnoides",0.63428403575867,0.156504650873455,"dataset",920
"Boraginaceae","Rochefortia","acanthophora",0.649492982017982,0.123401724247162,"family",11
"Boraginaceae","Rochefortia","acanthophora",0.649492982017982,0.123401724247162,"family",11
"Malvaceae","Thespesia","populnea",0.626666666666667,0.0708232617216773,"species",3
"Malvaceae","Thespesia","populnea",0.626666666666667,0.0708232617216773,"species",3
"Malvaceae","Thespesia","populnea",0.626666666666667,0.0708232617216773,"species",3
"Myrsinaceae","Myrsine","guianensis",0.63428403575867,0.156504650873455,"dataset",920
"Euphorbiaceae","Jatropha","spp.",0.325,0.0941339098036177,"genus",4
"Euphorbiaceae","Jatropha","spp.",0.325,0.0941339098036177,"genus",4
"Moraceae","Ficus","trigonata",0.43,0.0708232617216773,"species",2
"Moraceae","Ficus","trigonata",0.43,0.0708232617216773,"species",2
"Fabaceae","Delonix","regia",0.57875,0.0708232617216773,"species",4
"Rubiaceae","Hamelia","patens",0.5,0.0941339098036177,"genus",1
"Rubiaceae","Hamelia","patens",0.5,0.0941339098036177,"genus",1
"Apocynaceae","Plumeria","spp.",0.65,0.0941339098036177,"genus",2
"Simaroubaceae","Picrasma","excelsa",0.45,0.0941339098036177,"genus",1
"Simaroubaceae","Picrasma","excelsa",0.45,0.0941339098036177,"genus",1
"Euphorbiaceae","Euphorbia","spp.",0.457,0.0941339098036177,"genus",3
"Euphorbiaceae","Euphorbia","spp.",0.457,0.0941339098036177,"genus",3
"Fabaceae","Pictetia","spinifolia",0.8,0.0941339098036177,"genus",1
"Zygophyllaceae","Guaiacum","spp.",1.10416666666667,0.0941339098036177,"genus",4
"Zygophyllaceae","Guaiacum","officinale",1.17666666666667,0.0708232617216773,"species",3
"Burseraceae","Bursera","simaruba",0.305,0.0708232617216773,"species",6
"Malvaceae","Hibiscus","tiliaceus",0.45,0.0708232617216773,"species",5
"Malvaceae","Hibiscus","tiliaceus",0.45,0.0708232617216773,"species",5
"Fabaceae","Pictetia","aculeata",0.8,0.0708232617216773,"species",1
"Euphorbiaceae","Adelia","ricinella",0.7065,0.0941339098036177,"genus",2
"Verbenaceae","Citharexylum","fruticosum",0.785,0.0708232617216773,"species",2
"Verbenaceae","Citharexylum","fruticosum",0.785,0.0708232617216773,"species",2
"Verbenaceae","Citharexylum","fruticosum",0.785,0.0708232617216773,"species",2
"Verbenaceae","Citharexylum","fruticosum",0.785,0.0708232617216773,"species",2
"Proteaceae","Grevillea","robusta",0.520705882352941,0.0708232617216773,"species",17
"Combretaceae","Bucida","buceras",0.766666666666667,0.0708232617216773,"species",3
"Combretaceae","Bucida","buceras",0.766666666666667,0.0708232617216773,"species",3
"Myrtaceae","Psidium","guajava",0.652,0.0708232617216773,"species",4
"Chrysobalanaceae","Chrysobalanus","icaco",0.753333333333333,0.0708232617216773,"species",3
"Annonaceae","Cananga","odorata",0.3272,0.0708232617216773,"species",5
"Bignoniaceae","Jacaranda","mimosifolia",0.49,0.0708232617216773,"species",2
"Moraceae","Artocarpus","spp.",0.486363636363636,0.0941339098036177,"genus",33
"Moraceae","Artocarpus","spp.",0.486363636363636,0.0941339098036177,"genus",33
"Moraceae","Artocarpus","spp.",0.486363636363636,0.0941339098036177,"genus",33
"Rubiaceae","Genipa","americana var. caruto",0.756909090909091,0.0941339098036177,"genus",2
"Sapotaceae","Pouteria","sapota",0.855,0.0708232617216773,"species",2
"Rubiaceae","Coffea","arabica",0.62,0.0708232617216773,"species",1
"Verbenaceae","Citharexylum","caudatum",0.66675,0.0941339098036177,"genus",4
"Verbenaceae","Citharexylum","caudatum",0.66675,0.0941339098036177,"genus",4
"Boraginaceae","Bourreria","spp.",0.73,0.0941339098036177,"genus",1
"Boraginaceae","Bourreria","spp.",0.73,0.0941339098036177,"genus",1
"Meliaceae","Swietenia","macrophylla",0.519545454545455,0.0708232617216773,"species",11
"Meliaceae","Swietenia","macrophylla",0.519545454545455,0.0708232617216773,"species",11
"Meliaceae","Swietenia","mahagoni",0.63,0.0708232617216773,"species",2
"Meliaceae","Swietenia","mahagoni",0.63,0.0708232617216773,"species",2
"Malvaceae","Theobroma","cacao subsp. cacao",0.5316,0.0941339098036177,"genus",5
"Rubiaceae","Guettarda","spp.",0.7275,0.0941339098036177,"genus",6
"Bignoniaceae","Crescentia","cujete",0.634,0.0708232617216773,"species",2
"Bignoniaceae","Dendrosicus","latifolius",0.565745691358025,0.123401724247162,"family",25
"Fabaceae","Calliandra","calothyrsus",0.58,0.0708232617216773,"species",1
"Myrtaceae","Eucalyptus","spp.",0.830092581326441,0.0941339098036177,"genus",206
"Myrtaceae","Eucalyptus","camaldulensis",0.721125,0.0708232617216773,"species",16
"Myrtaceae","Eucalyptus","globulus",0.721818181818182,0.0708232617216773,"species",11
"Fabaceae","Haematoxylon","brasiletto",0.703821065511102,0.123401724247162,"family",207
"Fabaceae","Haematoxylon","spp.",0.703821065511102,0.123401724247162,"family",207
"Fabaceae","Haematoxylon","campechianum",0.703821065511102,0.123401724247162,"family",207
"Fabaceae","Pithecellobium","circinale",0.502261904761905,0.0941339098036177,"genus",9
"Canellaceae","Canella","winterana",0.95,0.0708232617216773,"species",1
"Lauraceae","Cinnamomum","verum",0.498,0.0708232617216773,"species",1
"Myricaceae","Myrica","cerifera",0.6,0.0941339098036177,"genus",5
"Myricaceae","Myrica","cerifera",0.6,0.0941339098036177,"genus",5
"Sapotaceae","Pouteria","dictyoneura ssp. fuertesii",0.687841171749599,0.0941339098036177,"genus",89
"Oxalidaceae","Averrhoa","carambola",0.5768,0.0708232617216773,"species",5
"Fabaceae","Cassia","javanica",0.616,0.0708232617216773,"species",3
"Fabaceae","Cassia","fistula",0.798166666666667,0.0708232617216773,"species",6
"Fabaceae","Cassia","fistula",0.798166666666667,0.0708232617216773,"species",6
"Fabaceae","Senna","spectabilis",0.602857142857143,0.0941339098036177,"genus",7
"Fabaceae","Senna","siamea",0.66,0.0708232617216773,"species",4
"Moraceae","Ficus","elastica",0.618,0.0708232617216773,"species",4
"Moraceae","Ficus","elastica",0.618,0.0708232617216773,"species",4
"Euphorbiaceae","Hevea","brasiliensis",0.466625,0.0708232617216773,"species",8
"Sapotaceae","Chrysophyllum","cainito",0.655,0.0708232617216773,"species",2
"Sapotaceae","Chrysophyllum","oliviforme",0.9,0.0708232617216773,"species",1
"Oleaceae","Chionanthus","domingensis",0.680458333333333,0.0941339098036177,"genus",8
"Casuarinaceae","Casuarina","spp.",0.830775,0.0941339098036177,"genus",10
"Casuarinaceae","Casuarina","spp.",0.830775,0.0941339098036177,"genus",10
"Casuarinaceae","Casuarina","spp.",0.830775,0.0941339098036177,"genus",10
"Sapindaceae","Melicoccus","bijugatus",0.98,0.0941339098036177,"genus",1
"Rubiaceae","Exostema","caribaem",0.995,0.0941339098036177,"genus",1
"Rubiaceae","Exostema","caribaem",0.995,0.0941339098036177,"genus",1
"Rhamnaceae","Ziziphus","spp.",0.777787878787879,0.0941339098036177,"genus",11
"Boraginaceae","Cordia","sebestena",0.7,0.0708232617216773,"species",1
"Boraginaceae","Cordia","sebestena",0.7,0.0708232617216773,"species",1
"Arecaceae","Acrocomia","aculeata",0.551760416666667,0.123401724247162,"family",16
"Arecaceae","Cocos","nucifera",0.551760416666667,0.123401724247162,"family",16
"Bombacaceae","Pachira","spp.",0.63428403575867,0.156504650873455,"dataset",920
"Sapotaceae","Bumelia","salicifolia",0.714777960939882,0.123401724247162,"family",31
"Sapotaceae","Bumelia","salicifolia",0.714777960939882,0.123401724247162,"family",31
"Sapotaceae","Bumelia","salicifolia",0.714777960939882,0.123401724247162,"family",31
"Melastomataceae","Mouriri","domingensis",0.84,0.0941339098036177,"genus",13
"Asclepiadadceae","Calotropis","procera",0.63428403575867,0.156504650873455,"dataset",920
"Bombacaceae","Ochroma","pyramidale",0.63428403575867,0.156504650873455,"dataset",920
"Bombacaceae","Ochroma","pyramidale",0.63428403575867,0.156504650873455,"dataset",920
"Fabaceae","Hymenaea","courbaril",0.79235,0.0708232617216773,"species",20
"Fabaceae","Hymenaea","courbaril",0.79235,0.0708232617216773,"species",20
"Annonaceae","Annona","muricata",0.36,0.0708232617216773,"species",2
"Annonaceae","Annona","spp.",0.518777777777778,0.0941339098036177,"genus",9
"Annonaceae","Annona","spp.",0.518777777777778,0.0941339098036177,"genus",9
"Simaroubaceae","Suriana","maritima",0.433019603174603,0.123401724247162,"family",7
"Rubiaceae","Randia","aculeata",0.671,0.0941339098036177,"genus",9
"Olacaceae","Ximenia","americana",0.866666666666667,0.0708232617216773,"species",3
"Olacaceae","Ximenia","americana",0.866666666666667,0.0708232617216773,"species",3
"Arecaceae","Elaeis","guineensis",0.551760416666667,0.123401724247162,"family",16
"Rosaceae","Prunus","occidentalis",0.97,0.0708232617216773,"species",1
"Rosaceae","Prunus","myrtifolia",0.741,0.0708232617216773,"species",2
"Arecaceae","Sabal","domingensis",0.551760416666667,0.123401724247162,"family",16
"Arecaceae","Sabal","domingensis",0.551760416666667,0.123401724247162,"family",16
"Arecaceae","Sabal","causiarum",0.551760416666667,0.123401724247162,"family",16
"Arecaceae","Sabal","causiarum",0.551760416666667,0.123401724247162,"family",16
"Arecaceae","Thrinax","morrisii",0.551760416666667,0.123401724247162,"family",16
"Malpighiaceae","Byrsonima","spicata",0.613666666666667,0.0708232617216773,"species",9
"Malpighiaceae","Byrsonima","spicata",0.613666666666667,0.0708232617216773,"species",9
"Malpighiaceae","Byrsonima","spicata",0.613666666666667,0.0708232617216773,"species",9
"Meliaceae","Melia","azedarach",0.437777777777778,0.0708232617216773,"species",9
"Fabaceae","Gliricidia","sepium",0.6175,0.0708232617216773,"species",4
"Fabaceae","Gliricidia","sepium",0.6175,0.0708232617216773,"species",4
"Fabaceae","Leucaena","leucocephala subsp. glabrata",0.678666666666667,0.0941339098036177,"genus",5
"Fabaceae","Leucaena","diversifolia",0.6,0.0708232617216773,"species",1
"Rosaceae","Eriobotrya","japonica",0.88,0.0708232617216773,"species",1
"Lauraceae","Cinnamomum","spp.",0.467139912280702,0.0941339098036177,"genus",38
"Lauraceae","Ocotea","coriacea",0.45,0.0708232617216773,"species",1
"Lauraceae","Ocotea","coriacea",0.45,0.0708232617216773,"species",1
"Lauraceae","Ocotea","globosa",0.539081638418079,0.0941339098036177,"genus",59
"Lauraceae","Ocotea","globosa",0.539081638418079,0.0941339098036177,"genus",59
"Lauraceae","Licaria","triandra",0.685,0.0708232617216773,"species",2
"Lauraceae","Licaria","triandra",0.685,0.0708232617216773,"species",2
"Lauraceae","Ocotea","membranacea",0.539081638418079,0.0941339098036177,"genus",59
"Lauraceae","Ocotea","membranacea",0.539081638418079,0.0941339098036177,"genus",59
"Lauraceae","Cinnamomum","elongatum",0.467139912280702,0.0941339098036177,"genus",38
"Lauraceae","Cinnamomum","elongatum",0.467139912280702,0.0941339098036177,"genus",38
"Lauraceae","Cinnamomum","elongatum",0.467139912280702,0.0941339098036177,"genus",38
"Lauraceae","Ocotea","floribunda",0.3954,0.0708232617216773,"species",5
"Lauraceae","Ocotea","floribunda",0.3954,0.0708232617216773,"species",5
"Apocynaceae","Nerium","oleander",0.6,0.0708232617216773,"species",1
"Fabaceae","Parkinsonia","aculeata",0.6224,0.0708232617216773,"species",5
"Malvaceae","Hibiscus","elatus",0.6,0.0708232617216773,"species",1
"Ulmaceae","Trema","lamarckiana",0.662276666666667,0.123401724247162,"family",5
"Melastomataceae","Miconia","spp.",0.629222222222222,0.0941339098036177,"genus",21
"Melastomataceae","Miconia","spp.",0.629222222222222,0.0941339098036177,"genus",21
"Euphorbiaceae","Hippomane","mancinella",0.5,0.0708232617216773,"species",1
"Euphorbiaceae","Hippomane","mancinella",0.5,0.0708232617216773,"species",1
"Combretaceae","Laguncularia","racemosa",0.61,0.0708232617216773,"species",2
"Rhizophoraceae","Rhizophora","mangle",0.897714285714286,0.0708232617216773,"species",7
"Rhizophoraceae","Rhizophora","mangle",0.897714285714286,0.0708232617216773,"species",7
"Rhizophoraceae","Rhizophora","mangle",0.897714285714286,0.0708232617216773,"species",7
"Verbenaceae","Avicennia","germinans",0.642583333333333,0.123401724247162,"family",3
"Combretaceae","Conocarpus","erectus",0.845,0.0708232617216773,"species",2
"Sapindaceae","Dodonaea","viscosa",0.947,0.0708232617216773,"species",2
"Anacardiaceae","Mangifera","indica",0.5525,0.0708232617216773,"species",6
"Bombacaceae","Ceiba","pentandra",0.63428403575867,0.156504650873455,"dataset",920
"Euphorbiaceae","Ricinus","communis",0.543103218248876,0.123401724247162,"family",72
"Euphorbiaceae","Ricinus","communis",0.543103218248876,0.123401724247162,"family",72
"Myrtaceae","Melaleuca","quiquenervia",0.756647186147186,0.0941339098036177,"genus",11
"Verbenaceae","Gmelina","arborea",0.642583333333333,0.123401724247162,"family",3
"Myrtaceae","Eugenia","axillaris",0.722760273972603,0.0941339098036177,"genus",73
"Polygonaceae","Coccoloba","diversifolia",0.8,0.0708232617216773,"species",1
"Polygonaceae","Coccoloba","diversifolia",0.8,0.0708232617216773,"species",1
"Polygonaceae","Coccoloba","diversifolia",0.8,0.0708232617216773,"species",1
"Moraceae","Morus","nigra",0.517,0.0708232617216773,"species",1
"Rutaceae","Murraya","paniculata",0.871333333333333,0.0708232617216773,"species",3
"Meliaceae","Trichilia","hirta",0.55,0.0708232617216773,"species",2
"Anacardiaceae","Spondias","mombin",0.3914375,0.0708232617216773,"species",16
"Anacardiaceae","Spondias","mombin",0.3914375,0.0708232617216773,"species",16
"Bignoniaceae","Spathodea","campanulata",0.3505,0.0708232617216773,"species",4
"Meliaceae","Azadirachta","indica",0.64,0.0708232617216773,"species",2
"Juglandaceae","Juglans","jamaicensis",0.474363636363636,0.0941339098036177,"genus",11
"Anacardiaceae","Anacardium","occidentale",0.4465,0.0708232617216773,"species",6
"Myristicaceae","Myristica","fragrans",0.459597701149425,0.0941339098036177,"genus",29
"Euphorbiaceae","Aleurites","moluccana",0.38,0.0708232617216773,"species",10
"Arecaceae","Roystonea","borinquena",0.551760416666667,0.123401724247162,"family",16
"Caricaceae","Carica","papaya",0.1875,0.0941339098036177,"genus",2
"Boraginaceae","Cordia","sulcata",0.6,0.0708232617216773,"species",1
"Lauraceae","Persea","krugii",0.514030303030303,0.0941339098036177,"genus",22
"Rutaceae","Zanthoxylum","martinicense",0.602333333333333,0.0708232617216773,"species",3
"Malvaceae","Sterculia","apetala",0.392,0.0708232617216773,"species",10
"Myrtaceae","Syzygium","malaccense",0.5615,0.0708232617216773,"species",2
"Myrtaceae","Syzygium","jambos",0.7,0.0708232617216773,"species",1
"Fabaceae","Inga","vera spp. vera",0.578086944444444,0.0941339098036177,"genus",40
"Fabaceae","Inga","vera spp. vera",0.578086944444444,0.0941339098036177,"genus",40
"Euphorbiaceae","Hura","crepitans",0.367333333333333,0.0708232617216773,"species",15
"Euphorbiaceae","Hura","crepitans",0.367333333333333,0.0708232617216773,"species",15
"Fabaceae","Adenanthera","pavonina",0.687,0.0708232617216773,"species",9
"Polygonaceae","Coccoloba","costata",0.686923076923077,0.0941339098036177,"genus",13
"Polygonaceae","Coccoloba","uvifera",0.7,0.0708232617216773,"species",1
"Polygonaceae","Coccoloba","uvifera",0.7,0.0708232617216773,"species",1
"Polygonaceae","Coccoloba","pubescens",1,0.0708232617216773,"species",1
"Fabaceae","Albizia","saman",0.495,0.0708232617216773,"species",2
"Sapotaceae","Manilkara","zapota",0.81,0.0708232617216773,"species",1
"Sapotaceae","Micropholis","spp.",0.656777272727273,0.0941339098036177,"genus",10
"Sapotaceae","Manilkara","bidentata",0.872933333333333,0.0708232617216773,"species",15
"Sapotaceae","Manilkara","bidentata",0.872933333333333,0.0708232617216773,"species",15
"Sapindaceae","Cupania","americana",0.565,0.0708232617216773,"species",2
"Sapindaceae","Cupania","americana",0.565,0.0708232617216773,"species",2
"Sapindaceae","Sapindus","saponaria",0.71225,0.0708232617216773,"species",4
"Sapindaceae","Sapindus","saponaria",0.71225,0.0708232617216773,"species",4
"Sapindaceae","Sapindus","saponaria",0.71225,0.0708232617216773,"species",4
"Meliaceae","Cedrela","odorata",0.446857142857143,0.0708232617216773,"species",14
"Malpighiaceae","Malpighia","glabra",0.682735416666667,0.123401724247162,"family",5
"Celastraceae","Crossopetalum","rhacoma",0.679654620181406,0.123401724247162,"family",14
"Euphorbiaceae","Phyllanthus","acidus",0.543103218248876,0.123401724247162,"family",72
"Cupressaceae","Cupressus","lusitanica",0.39,0.0708232617216773,"species",1
"Anacardiaceae","Spondias","purpurea",0.33,0.0708232617216773,"species",2
"Adoxaceae","Sambucus","simpsonii",0.446333333333333,0.0941339098036177,"genus",3
"Fabaceae","Lysiloma","sabicu",0.684,0.0941339098036177,"genus",5
"Fabaceae","Tamarindus","indica",0.9784,0.0708232617216773,"species",5
"Fabaceae","Albizia","lebbeck",0.597333333333333,0.0708232617216773,"species",6
"Fabaceae","Albizia","lebbeck",0.597333333333333,0.0708232617216773,"species",6
"Fabaceae","Albizia","lebbeck",0.597333333333333,0.0708232617216773,"species",6
"Verbenaceae","Tectona","grandis",0.642583333333333,0.123401724247162,"family",3
"Myrtaceae","Calyptranthes","spp.",0.783333333333333,0.0941339098036177,"genus",3
"Melastomataceae","Henriettea","fascicularis",0.69,0.0941339098036177,"genus",2
"Sapotaceae","Chrysophyllum","argenteum",0.7835,0.0708232617216773,"species",2
"Sapindaceae","Allophylus","occidentalis",0.51775,0.0941339098036177,"genus",10
"Sapindaceae","Allophylus","occidentalis",0.51775,0.0941339098036177,"genus",10
"Boraginaceae","Cordia","collococca",0.42,0.0708232617216773,"species",3
"Moraceae","Cecropia","peltata",0.566926178609433,0.123401724247162,"family",26
"Anacardiaceae","Spondias","dulcis",0.37,0.0708232617216773,"species",1
"Anacardiaceae","Spondias","dulcis",0.37,0.0708232617216773,"species",1
"Aquifoliaceae","Ilex","spp.",0.5627,0.0941339098036177,"genus",25
"Bixaceae","Bixa","orellana",0.36,0.0708232617216773,"species",2
"Lauraceae","Persea","americana",0.548666666666667,0.0708232617216773,"species",3
"Clusiaceae","Mammea","americana",0.66921165577342,0.123401724247162,"family",9
"Fabaceae","Acacia","farnesiana",0.787831280193237,0.0941339098036177,"genus",115
"Fabaceae","Acacia","farnesiana",0.787831280193237,0.0941339098036177,"genus",115
"Fabaceae","Acacia","tortuosa",0.787831280193237,0.0941339098036177,"genus",115
"Fabaceae","Acacia","tortuosa",0.787831280193237,0.0941339098036177,"genus",115
"Fabaceae","Acacia","tortuosa",0.787831280193237,0.0941339098036177,"genus",115
"Fabaceae","Acacia","macracantha",0.73,0.0708232617216773,"species",1
"Fabaceae","Acacia","macracantha",0.73,0.0708232617216773,"species",1
"Fabaceae","Acacia","auriculiformis",0.68,0.0708232617216773,"species",1
"Fabaceae","Acacia","auriculiformis",0.68,0.0708232617216773,"species",1
"Combretaceae","Terminalia","catappa",0.478,0.0708232617216773,"species",7
"Fabaceae","Acacia","barahonensis",0.787831280193237,0.0941339098036177,"genus",115
"Fabaceae","Acacia","decurrens",0.55575,0.0708232617216773,"species",4
"Fabaceae","Acacia","mearnsii",0.659666666666667,0.0708232617216773,"species",3
"Fabaceae","Acacia","melanoxylon",0.530625,0.0708232617216773,"species",8
"Fabaceae","Acacia","muricata",0.787831280193237,0.0941339098036177,"genus",115
"Fabaceae","Acacia","nilotica",0.723333333333333,0.0708232617216773,"species",3
"Fabaceae","Acacia","senegal",0.787831280193237,0.0941339098036177,"genus",115
"Fabaceae","Acacia","vogeliana",0.787831280193237,0.0941339098036177,"genus",115
"Bombacaceae","Adansonia","digitata",0.63428403575867,0.156504650873455,"dataset",920
"Fabaceae","Albizia","guachapele",0.5125,0.0708232617216773,"species",4
"Fabaceae","Albizia","procera",0.573,0.0708232617216773,"species",8
"Euphorbiaceae","Alchorneopsis","floribunda",0.40475,0.0941339098036177,"genus",2
"Euphorbiaceae","Aleurites","fordii",0.376166666666667,0.0941339098036177,"genus",3
"Euphorbiaceae","Aleurites","trisperma",0.43,0.0708232617216773,"species",1
"Sapindaceae","Allophylus","cominia",0.51775,0.0941339098036177,"genus",10
"Sapindaceae","Allophylus","crassinervis",0.51775,0.0941339098036177,"genus",10
"Sapindaceae","Allophylus","rigidus",0.51775,0.0941339098036177,"genus",10
"Betulaceae","Alnus","acuminata",0.386333333333333,0.0708232617216773,"species",3
"Cyatheaceae","Alsophila","hotteana",0.63428403575867,0.156504650873455,"dataset",920
"Cyatheaceae","Alsophila","minor",0.63428403575867,0.156504650873455,"dataset",920
"Cyatheaceae","Alsophila","woodwardioides",0.63428403575867,0.156504650873455,"dataset",920
"Simaroubaceae","Alvaradoa","haitiensis",0.433019603174603,0.123401724247162,"family",7
"Ulmaceae","Amoelocera","cubensis",0.662276666666667,0.123401724247162,"family",5
"Rutaceae","Amyris","balsamifera",0.975,0.0941339098036177,"genus",2
"Rutaceae","Amyris","diatrypa",0.975,0.0941339098036177,"genus",2
"Rutaceae","Amyris","elemifera",1.05,0.0708232617216773,"species",1
"Annonaceae","Annona","cherimolia",0.518777777777778,0.0941339098036177,"genus",9
"Annonaceae","Annona","domingensis",0.518777777777778,0.0941339098036177,"genus",9
"Annonaceae","Annona","dumertorum",0.518777777777778,0.0941339098036177,"genus",9
"Annonaceae","Annona","frutescens",0.518777777777778,0.0941339098036177,"genus",9
"Annonaceae","Annona","glabra",0.5,0.0708232617216773,"species",1
"Annonaceae","Annona","gracilis",0.518777777777778,0.0941339098036177,"genus",9
"Annonaceae","Annona","micrantha",0.518777777777778,0.0941339098036177,"genus",9
"Annonaceae","Annona","montana",0.518777777777778,0.0941339098036177,"genus",9
"Annonaceae","Annona","reticulata",0.55,0.0708232617216773,"species",1
"Annonaceae","Annona","rosei",0.518777777777778,0.0941339098036177,"genus",9
"Annonaceae","Annona","salicifolia",0.518777777777778,0.0941339098036177,"genus",9
"Annonaceae","Annona","squamosa",0.618,0.0708232617216773,"species",3
"Annonaceae","Annona","urbaniana",0.518777777777778,0.0941339098036177,"genus",9
"Fabaceae","Arcoa","gonavensis",0.703821065511102,0.123401724247162,"family",207
"Myrsinaceae","Ardisia","angustata",0.63428403575867,0.156504650873455,"dataset",920
"Myrsinaceae","Ardisia","brachypoda",0.63428403575867,0.156504650873455,"dataset",920
"Myrsinaceae","Ardisia","obovata",0.63428403575867,0.156504650873455,"dataset",920
"Myrsinaceae","Ardisia","picardae",0.63428403575867,0.156504650873455,"dataset",920
"Moraceae","Artocarpus","altilis",0.4325,0.0708232617216773,"species",6
"Moraceae","Artocarpus","heterophyllus",0.491666666666667,0.0708232617216773,"species",6
"Apocynaceae","Aspidosperma","cuspa",0.83,0.0708232617216773,"species",1
"Fabaceae","Ateleia","gummifer",0.703821065511102,0.123401724247162,"family",207
"Fabaceae","Ateleia","microcarpa",0.703821065511102,0.123401724247162,"family",207
"Arecaceae","Attalea","crassispatha",0.326,0.0941339098036177,"genus",1
"Oxalidaceae","Averrhoa","bilimbi",0.5,0.0708232617216773,"species",3
"Arecaceae","Bactris","plumeriana",0.551760416666667,0.123401724247162,"family",16
"Poaceae","Bambusa","vulgaris",0.63428403575867,0.156504650873455,"dataset",920
"Lecythidaceae","Barringtonia","asiatica",0.42225,0.0708232617216773,"species",4
"Fabaceae","Bauhinia","divaricata",0.755333333333333,0.0941339098036177,"genus",9
"Fabaceae","Bauhinia","variegata",0.653,0.0708232617216773,"species",2
"Euphorbiaceae","Bernardia","dichotoma",0.543103218248876,0.123401724247162,"family",72
"Blechnaceae","Blechnum","underwoodianum",0.63428403575867,0.156504650873455,"dataset",920
"Sapindaceae","Blighia","sapida",0.762,0.0708232617216773,"species",2
"Bombacaceae","Bombacopsis","emarginata",0.63428403575867,0.156504650873455,"dataset",920
"Boraginaceae","Bourreria","succulenta",0.73,0.0941339098036177,"genus",1
"Boraginaceae","Bourreria","virgata",0.73,0.0941339098036177,"genus",1
"Araliaceae","Brassaia","actinophylla",0.422710836834734,0.123401724247162,"family",17
"Solanaceae","Brunfelsia","americana",0.537788095238095,0.123401724247162,"family",5
"Combretaceae","Bucida","spinosa",0.766666666666667,0.0941339098036177,"genus",1
"Sapotaceae","Bumelia","obovata",0.714777960939882,0.123401724247162,"family",31
"Malpighiaceae","Bunchosia","media",0.695,0.0941339098036177,"genus",2
"Malpighiaceae","Bunchosia","nitida",0.695,0.0941339098036177,"genus",2
"Buxaceae","Buxus","glomerata",0.722,0.0941339098036177,"genus",3
"Fabaceae","Byra","buxifolia",0.703821065511102,0.123401724247162,"family",207
"Malpighiaceae","Byrsonima","coriacea",0.62,0.0708232617216773,"species",1
"Malpighiaceae","Byrsonima","crassifolia",0.584,0.0708232617216773,"species",5
"Malpighiaceae","Byrsonima","lucida",0.648677083333333,0.0941339098036177,"genus",16
"Fabaceae","Caesalpinia","bahamensis",0.993190476190476,0.0941339098036177,"genus",14
"Fabaceae","Caesalpinia","barahonensis",0.993190476190476,0.0941339098036177,"genus",14
"Fabaceae","Caesalpinia","bonduc",0.993190476190476,0.0941339098036177,"genus",14
"Fabaceae","Caesalpinia","brasilensis",0.993190476190476,0.0941339098036177,"genus",14
"Fabaceae","Caesalpinia","ciliata",0.993190476190476,0.0941339098036177,"genus",14
"Fabaceae","Caesalpinia","globulorum",0.993190476190476,0.0941339098036177,"genus",14
"Fabaceae","Caesalpinia","pulcherrima",0.84,0.0708232617216773,"species",1
"Fabaceae","Caesalpinia","vesicaria",0.993190476190476,0.0941339098036177,"genus",14
"Fabaceae","Calliandra","caracasana",0.816,0.0941339098036177,"genus",5
"Fabaceae","Calliandra","cubensis",0.816,0.0941339098036177,"genus",5
"Fabaceae","Calliandra","haematomma",0.816,0.0941339098036177,"genus",5
"Fabaceae","Calliandra","nervosa",0.816,0.0941339098036177,"genus",5
"Fabaceae","Calliandra","portoricensis",0.816,0.0941339098036177,"genus",5
"Fabaceae","Calliandra","schultzei",0.816,0.0941339098036177,"genus",5
"Fabaceae","Calliandra","surinamensis",0.816,0.0941339098036177,"genus",5
"Myrtaceae","Callistemon","citrinus",0.794,0.0941339098036177,"genus",4
"Melastomataceae","Calycogonium","spp.",0.74,0.0941339098036177,"genus",1
"Myrtaceae","Calyptranthes","pallens",0.783333333333333,0.0941339098036177,"genus",3
"Myrtaceae","Calyptranthes","sintenisii",0.783333333333333,0.0941339098036177,"genus",3
"Myrtaceae","Calyptranthes","syzygium",0.783333333333333,0.0941339098036177,"genus",3
"Arecaceae","Calyptronoma","plumeriana",0.551760416666667,0.123401724247162,"family",16
"Arecaceae","Calyptronoma","rivalis",0.551760416666667,0.123401724247162,"family",16
"Apocynaceae","Cameraria","angustifolia",0.592856179202742,0.123401724247162,"family",33
"Apocynaceae","Cameraria","latifolia",0.592856179202742,0.123401724247162,"family",33
"Apocynaceae","Cameraria","linearifolia",0.592856179202742,0.123401724247162,"family",33
"Brassicaceae","Capparis","amplissima",0.63428403575867,0.156504650873455,"dataset",920
"Brassicaceae","Capparis","dolichopoda",0.63428403575867,0.156504650873455,"dataset",920
"Brassicaceae","Capparis","ferruginea",0.63428403575867,0.156504650873455,"dataset",920
"Brassicaceae","Capparis","gonaivensis",0.63428403575867,0.156504650873455,"dataset",920
"Brassicaceae","Capparis","hastata",0.63428403575867,0.156504650873455,"dataset",920
"Brassicaceae","Capparis","indica",0.63428403575867,0.156504650873455,"dataset",920
"Meliaceae","Carapa","guianensis",0.53,0.0708232617216773,"species",1
"Tiliaceae","Carpodiptera","spp.",0.63428403575867,0.156504650873455,"dataset",920
"Flacourtiaceae","Casearia","aculeata",0.63428403575867,0.156504650873455,"dataset",920
"Flacourtiaceae","Casearia","arborea",0.63428403575867,0.156504650873455,"dataset",920
"Flacourtiaceae","Casearia","decandra",0.63428403575867,0.156504650873455,"dataset",920
"Flacourtiaceae","Casearia","guianensis",0.63428403575867,0.156504650873455,"dataset",920
"Flacourtiaceae","Casearia","ilicifolia",0.63428403575867,0.156504650873455,"dataset",920
"Flacourtiaceae","Casearia","sylvestris",0.63428403575867,0.156504650873455,"dataset",920
"Rutaceae","Casimora","edulis",0.717027730128668,0.123401724247162,"family",48
"Celastraceae","Cassine","xylocarpa",0.721666666666667,0.0941339098036177,"genus",6
"Rhizophoraceae","Cassipourea","guianensis",0.82,0.0708232617216773,"species",1
"Rhizophoraceae","Cassipourea","obtusa",0.650357142857143,0.0941339098036177,"genus",7
"Fagaceae","Castanea","sativa",0.463333333333333,0.0708232617216773,"species",3
"Simaroubaceae","Castella","depressa",0.433019603174603,0.123401724247162,"family",7
"Moraceae","Castilla","elastica supsp. elastica",0.5675,0.0941339098036177,"genus",1
"Casuarinaceae","Casuarina","cristata",0.974333333333333,0.0708232617216773,"species",3
"Casuarinaceae","Casuarina","equisetifolia",0.80875,0.0708232617216773,"species",8
"Casuarinaceae","Casuarina","glauca",0.7685,0.0708232617216773,"species",2
"Fabaceae","Cercidium","praecox",0.703821065511102,0.123401724247162,"family",207
"Cactaceae","Cereus","hexagonus",0.54,0.123401724247162,"family",1
"Solanaceae","Cestrum","diurnum",0.537788095238095,0.123401724247162,"family",5
"Solanaceae","Cestrum","macrophyllum",0.537788095238095,0.123401724247162,"family",5
"Solanaceae","Cestrum","nocturnum",0.537788095238095,0.123401724247162,"family",5
"Euphorbiaceae","Chaetocarpus","globosus",0.543103218248876,0.123401724247162,"family",72
"Rubiaceae","Chiococca","alba",0.63736886786531,0.123401724247162,"family",89
"Oleaceae","Chionanthus","axilliflorus",0.680458333333333,0.0941339098036177,"genus",8
"Oleaceae","Chionanthus","compactus",0.680458333333333,0.0941339098036177,"genus",8
"Oleaceae","Chionanthus","ligustrinus",0.855,0.0708232617216773,"species",2
"Rubiaceae","Chione","venosa",0.63736886786531,0.123401724247162,"family",89
"Bombacaceae","Chorisia","insignis",0.63428403575867,0.156504650873455,"dataset",920
"Bombacaceae","Chorisia","speciosa",0.63428403575867,0.156504650873455,"dataset",920
"Arecaceae","Chrysalidocarpus","lutescens",0.551760416666667,0.123401724247162,"family",16
"Sapotaceae","Chrysophyllum","bicolor",0.665168724279835,0.0941339098036177,"genus",27
"Canellaceae","Cinnamodendron","ekmanii",0.736333333333333,0.123401724247162,"family",3
"Lauraceae","Cinnamomum","camphora",0.4874,0.0708232617216773,"species",5
"Lauraceae","Cinnamomum","montanum",0.467139912280702,0.0941339098036177,"genus",38
"Lauraceae","Cinnamomum","triplinervis",0.467139912280702,0.0941339098036177,"genus",38
"Rutaceae","Citrus","aurantifolia",0.74,0.0941339098036177,"genus",2
"Rutaceae","Citrus","aurantifolia",0.74,0.0941339098036177,"genus",2
"Rutaceae","Citrus","aurantifolia",0.74,0.0941339098036177,"genus",2
"Rutaceae","Citrus","aurantium",0.74,0.0941339098036177,"genus",2
"Rutaceae","Citrus","aurantium",0.74,0.0941339098036177,"genus",2
"Rutaceae","Citrus","aurantium",0.74,0.0941339098036177,"genus",2
"Rutaceae","Citrus","limetta",0.74,0.0941339098036177,"genus",2
"Rutaceae","Citrus","limetta",0.74,0.0941339098036177,"genus",2
"Rutaceae","Citrus","limon",0.74,0.0941339098036177,"genus",2
"Rutaceae","Citrus","limon",0.74,0.0941339098036177,"genus",2
"Rutaceae","Citrus","maxima",0.74,0.0941339098036177,"genus",2
"Rutaceae","Citrus","maxima",0.74,0.0941339098036177,"genus",2
"Rutaceae","Citrus","maxima",0.74,0.0941339098036177,"genus",2
"Rutaceae","Citrus","medica",0.7,0.0708232617216773,"species",1
"Rutaceae","Citrus","medica",0.7,0.0708232617216773,"species",1
"Rutaceae","Citrus","reticulata",0.74,0.0941339098036177,"genus",2
"Rutaceae","Citrus","reticulata",0.74,0.0941339098036177,"genus",2
"Rutaceae","Citrus","reticulata",0.74,0.0941339098036177,"genus",2
"Rutaceae","Citrus","sinensis",0.78,0.0708232617216773,"species",1
"Rutaceae","Citrus","sinensis",0.78,0.0708232617216773,"species",1
"Rutaceae","Citrus","sinensis",0.78,0.0708232617216773,"species",1
"Rutaceae","Citrus","x paradisi",0.74,0.0941339098036177,"genus",2
"Rutaceae","Citrus","x paradisi",0.74,0.0941339098036177,"genus",2
"Rutaceae","Citrus","x paradisi",0.74,0.0941339098036177,"genus",2
"Theophrastaceae","Clavija","domingensis",0.63428403575867,0.156504650873455,"dataset",920
"Theaceae","Cleyera","spp.",0.567715277777778,0.123401724247162,"family",6
"Clusiaceae","Clusia","clusiodes",0.676428571428571,0.0941339098036177,"genus",7
"Clusiaceae","Clusia","major",0.676428571428571,0.0941339098036177,"genus",7
"Cyatheaceae","Cnemidaria","horrida",0.63428403575867,0.156504650873455,"dataset",920
"Polygonaceae","Coccoloba","buchii",0.686923076923077,0.0941339098036177,"genus",13
"Polygonaceae","Coccoloba","krugii",0.686923076923077,0.0941339098036177,"genus",13
"Polygonaceae","Coccoloba","leoganensis",0.686923076923077,0.0941339098036177,"genus",13
"Polygonaceae","Coccoloba","microstachys",0.686923076923077,0.0941339098036177,"genus",13
"Polygonaceae","Coccoloba","swartzii",0.7,0.0708232617216773,"species",1
"Polygonaceae","Coccoloba","venosa",0.686923076923077,0.0941339098036177,"genus",13
"Polygonaceae","Coccoloba","wrightii",0.686923076923077,0.0941339098036177,"genus",13
"Arecaceae","Coccothrinax","argentea",0.551760416666667,0.123401724247162,"family",16
"Arecaceae","Coccothrinax","argentea",0.551760416666667,0.123401724247162,"family",16
"Arecaceae","Coccothrinax","ekmanii",0.551760416666667,0.123401724247162,"family",16
"Arecaceae","Coccothrinax","gracilis",0.551760416666667,0.123401724247162,"family",16
"Arecaceae","Coccothrinax","miraguama",0.551760416666667,0.123401724247162,"family",16
"Arecaceae","Coccothrinax","spissa",0.551760416666667,0.123401724247162,"family",16
"Cochlospermaceae","Cochlospermum","vitifolium",0.63428403575867,0.156504650873455,"dataset",920
"Euphorbiaceae","Codiaeum","variegatum",0.543103218248876,0.123401724247162,"family",72
"Malvaceae","Cola","acuminata",0.507666666666667,0.0708232617216773,"species",3
"Rhamnaceae","Colubrina","berteroana",0.7560625,0.0941339098036177,"genus",8
"Rhamnaceae","Colubrina","glandulosa",0.738666666666667,0.0708232617216773,"species",3
"Anacardiaceae","Comocladia","cuneata",0.79,0.0941339098036177,"genus",1
"Anacardiaceae","Comocladia","dentata",0.79,0.0941339098036177,"genus",1
"Anacardiaceae","Comocladia","dodonaea",0.79,0.0941339098036177,"genus",1
"Anacardiaceae","Comocladia","domingensis",0.79,0.0941339098036177,"genus",1
"Anacardiaceae","Comocladia","edmaniana",0.79,0.0941339098036177,"genus",1
"Anacardiaceae","Comocladia","ehrenbergii",0.79,0.0941339098036177,"genus",1
"Anacardiaceae","Comocladia","gilgiana",0.79,0.0941339098036177,"genus",1
"Anacardiaceae","Comocladia","glabra",0.79,0.0941339098036177,"genus",1
"Anacardiaceae","Comocladia","mollifolia",0.79,0.0941339098036177,"genus",1
"Anacardiaceae","Comocladia","pinnatifolia",0.79,0.0941339098036177,"genus",1
"Anacardiaceae","Comocladia","pubescens",0.79,0.0941339098036177,"genus",1
"Cactaceae","Consolea","macracantha",0.54,0.123401724247162,"family",1
"Fabaceae","Copaifera","officinalis",0.6272,0.0708232617216773,"species",5
"Arecaceae","Copernicia","berteroana",0.791,0.0941339098036177,"genus",1
"Arecaceae","Copernicia","ekmanii",0.791,0.0941339098036177,"genus",1
"Boraginaceae","Cordia","gerascanthes",0.542470421245421,0.0941339098036177,"genus",42
"Boraginaceae","Cordia","laevigata",0.542470421245421,0.0941339098036177,"genus",42
"Boraginaceae","Cordia","laevigata",0.542470421245421,0.0941339098036177,"genus",42
"Boraginaceae","Cordia","mirabiloides",0.542470421245421,0.0941339098036177,"genus",42
"Boraginaceae","Cordia","obliqua",0.542470421245421,0.0941339098036177,"genus",42
"Verbenaceae","Cornutia","pyramidata",0.642583333333333,0.123401724247162,"family",3
"Lecythidaceae","Couroupita","guianensis",0.434,0.0708232617216773,"species",4
"Bignoniaceae","Crescentia","linearifolia",0.672,0.0941339098036177,"genus",2
"Euphorbiaceae","Croton","corylifolius",0.510402666666667,0.0941339098036177,"genus",25
"Euphorbiaceae","Croton","eluteria",0.510402666666667,0.0941339098036177,"genus",25
"Euphorbiaceae","Croton","glabellus",0.510402666666667,0.0941339098036177,"genus",25
"Euphorbiaceae","Croton","lucidus",0.510402666666667,0.0941339098036177,"genus",25
"Fabaceae","Crudia","spicata",0.7765,0.0941339098036177,"genus",18
"Myrtaceae","Cryptorhiza","haitiensis",0.765578145976224,0.123401724247162,"family",54
"Euphorbiaceae","Cubanthus","umbelliformis",0.543103218248876,0.123401724247162,"family",72
"Sapindaceae","Cupania","glabra",0.608357142857143,0.0941339098036177,"genus",7
"Sapindaceae","Cupania","triquetra",0.608357142857143,0.0941339098036177,"genus",7
"Cupressaceae","Cupressus","sempervirens",0.435,0.0708232617216773,"species",2
"Dilleniaceae","Curatella","americana",0.65,0.0708232617216773,"species",1
"Cyatheaceae","Cyathea","aquilina",0.63428403575867,0.156504650873455,"dataset",920
"Cyatheaceae","Cyathea","arborea",0.63428403575867,0.156504650873455,"dataset",920
"Cyatheaceae","Cyathea","escuquensis",0.63428403575867,0.156504650873455,"dataset",920
"Cyatheaceae","Cyathea","furfuracea",0.63428403575867,0.156504650873455,"dataset",920
"Cyatheaceae","Cyathea","harrisii",0.63428403575867,0.156504650873455,"dataset",920
"Cyatheaceae","Cyathea","tenera",0.63428403575867,0.156504650873455,"dataset",920
"Cyatheaceae","Cyathea","wilsonii",0.63428403575867,0.156504650873455,"dataset",920
"Cycadaceae","Cycas","circinalis",0.63428403575867,0.156504650873455,"dataset",920
"Cycadaceae","Cycas","revoluta",0.63428403575867,0.156504650873455,"dataset",920
"Fabaceae","Cynometra","americana",0.812257291666667,0.0941339098036177,"genus",16
"Fabaceae","Cynometra","portoricensis",0.812257291666667,0.0941339098036177,"genus",16
"Solanaceae","Cyphomandra","betacea",0.537788095238095,0.123401724247162,"family",5
"Cyrillaceae","Cyrilla","racemiflora",0.59,0.0708232617216773,"species",2
"Fabaceae","Dalbergia","berterii",0.786836976911977,0.0941339098036177,"genus",33
"Fabaceae","Dalbergia","ecastaphyllum",0.786836976911977,0.0941339098036177,"genus",33
"Fabaceae","Dalbergia","monetaria",0.786836976911977,0.0941339098036177,"genus",33
"Fabaceae","Dalbergia","sisoo",0.786836976911977,0.0941339098036177,"genus",33
"Thymeliaceae","Daphnopsis","americana ssp. cumingii",0.63428403575867,0.156504650873455,"dataset",920
"Thymeliaceae","Daphnopsis","crassifolia",0.63428403575867,0.156504650873455,"dataset",920
"Solanaceae","Datura","suaveolens",0.537788095238095,0.123401724247162,"family",5
"Araliaceae","Dendropanax","selleanus",0.419833333333333,0.0941339098036177,"genus",1
"Dilleniaceae","Dillenia","indica",0.7,0.0708232617216773,"species",1
"Ebenaceae","Diospyros","caribea",0.683275126262626,0.0941339098036177,"genus",132
"Ebenaceae","Diospyros","domingensis",0.683275126262626,0.0941339098036177,"genus",132
"Ebenaceae","Diospyros","revoluta",0.683275126262626,0.0941339098036177,"genus",132
"Ebenaceae","Diospyros","tetrasperma",0.81,0.0708232617216773,"species",1
"Euphorbiaceae","Ditta","myricoides",0.543103218248876,0.123401724247162,"family",72
"Flacourtiaceae","Dovyalis","caffra",0.63428403575867,0.156504650873455,"dataset",920
"Flacourtiaceae","Dovyalis","hebecarpa",0.63428403575867,0.156504650873455,"dataset",920
"Liliaceae","Dracaena","fragrans",0.63428403575867,0.156504650873455,"dataset",920
"Euphorbiaceae","Drypetes","alba",0.543103218248876,0.123401724247162,"family",72
"Euphorbiaceae","Drypetes","glauca",0.543103218248876,0.123401724247162,"family",72
"Euphorbiaceae","Drypetes","ilicifolia",0.543103218248876,0.123401724247162,"family",72
"Euphorbiaceae","Drypetes","picardae",0.543103218248876,0.123401724247162,"family",72
"Boraginaceae","Ehretia","tinifolia",0.519452380952381,0.0941339098036177,"genus",7
"Rubiaceae","Erithalis","fruticosa",0.63736886786531,0.123401724247162,"family",89
"Fabaceae","Erythrina","buchii",0.289050724637681,0.0941339098036177,"genus",23
"Fabaceae","Erythrina","corallodendrum",0.289050724637681,0.0941339098036177,"genus",23
"Fabaceae","Erythrina","crista-galli",0.267666666666667,0.0708232617216773,"species",3
"Fabaceae","Erythrina","fusca",0.2985,0.0708232617216773,"species",4
"Fabaceae","Erythrina","leptopoda",0.289050724637681,0.0941339098036177,"genus",23
"Erythroxylaceae","Erythroxylum","havanense",0.99,0.0708232617216773,"species",1
"Erythroxylaceae","Erythroxylum","minutifolium",0.789611111111111,0.0941339098036177,"genus",16
"Erythroxylaceae","Erythroxylum","rotundifolium",0.789611111111111,0.0941339098036177,"genus",16
"Myrtaceae","Eucalyptus","tereticornis",0.827,0.0708232617216773,"species",10
"Myrtaceae","Eugenia","biflora",0.8,0.0708232617216773,"species",1
"Myrtaceae","Eugenia","carophylla",0.722760273972603,0.0941339098036177,"genus",73
"Myrtaceae","Eugenia","confusa",0.81,0.0708232617216773,"species",1
"Myrtaceae","Eugenia","dictyophylla",0.722760273972603,0.0941339098036177,"genus",73
"Myrtaceae","Eugenia","glabrata",0.722760273972603,0.0941339098036177,"genus",73
"Myrtaceae","Eugenia","laevis",0.722760273972603,0.0941339098036177,"genus",73
"Myrtaceae","Eugenia","ligustrina",0.981,0.0708232617216773,"species",1
"Myrtaceae","Eugenia","maleolens",0.722760273972603,0.0941339098036177,"genus",73
"Myrtaceae","Eugenia","odorata",0.722760273972603,0.0941339098036177,"genus",73
"Myrtaceae","Eugenia","procera",0.722760273972603,0.0941339098036177,"genus",73
"Myrtaceae","Eugenia","pseudopsidium",0.8685,0.0708232617216773,"species",4
"Myrtaceae","Eugenia","uniflora",0.8285,0.0708232617216773,"species",2
"Euphorbiaceae","Euphorbia","lactea",0.457,0.0941339098036177,"genus",3
"Euphorbiaceae","Euphorbia","leucocephala",0.457,0.0941339098036177,"genus",3
"Euphorbiaceae","Euphorbia","milii",0.457,0.0941339098036177,"genus",3
"Euphorbiaceae","Euphorbia","petiolaris",0.457,0.0941339098036177,"genus",3
"Euphorbiaceae","Euphorbia","pulcherrima",0.457,0.0941339098036177,"genus",3
"Euphorbiaceae","Euphorbia","tirucalli",0.511,0.0708232617216773,"species",2
"Rubiaceae","Exostema","ellipticum",0.995,0.0941339098036177,"genus",1
"Rubiaceae","Exostema","sanctae-luciae",0.995,0.0941339098036177,"genus",1
"Rubiaceae","Faramea","occidentalis",0.584,0.0708232617216773,"species",2
"Moraceae","Ficus","benjamina",0.459333333333333,0.0708232617216773,"species",3
"Moraceae","Ficus","carica",0.405534661835749,0.0941339098036177,"genus",92
"Moraceae","Ficus","citrifolia",0.4,0.0708232617216773,"species",1
"Moraceae","Ficus","microcarpa",0.405534661835749,0.0941339098036177,"genus",92
"Moraceae","Ficus","religiosa",0.443,0.0708232617216773,"species",1
"Oleaceae","Forestiera","rhamnifolia",0.75792106915718,0.123401724247162,"family",9
"Oleaceae","Forestiera","segregata",0.75792106915718,0.123401724247162,"family",9
"Rutaceae","Fortunella","spp.",0.717027730128668,0.123401724247162,"family",48
"Euphorbiaceae","Garcia","nutans",0.543103218248876,0.123401724247162,"family",72
"Clusiaceae","Garcinia","aristata",0.741621568627451,0.0941339098036177,"genus",51
"Clusiaceae","Garcinia","mangostana",0.81,0.0708232617216773,"species",1
"Garryaceae","Garrya","fadyenii",0.63428403575867,0.156504650873455,"dataset",920
"Arecaceae","Geonoma","interrupta var. interrupta",0.551760416666667,0.123401724247162,"family",16
"Gesneriaceae","Gesneria","spp.",0.63428403575867,0.156504650873455,"dataset",920
"Lythraceae","Ginoria","rohrii",0.692623015873016,0.123401724247162,"family",7
"Myrtaceae","Gomidesia","lindeniana",0.78,0.0941339098036177,"genus",1
"Zygophyllaceae","Guaiacum","sanctum",1.09,0.0708232617216773,"species",2
"Nyctaginaceae","Guapira","discolor",0.670777777777778,0.0941339098036177,"genus",3
"Nyctaginaceae","Guapira","domingensis",0.670777777777778,0.0941339098036177,"genus",3
"Nyctaginaceae","Guapira","fragrans",0.670777777777778,0.0941339098036177,"genus",3
"Nyctaginaceae","Guapira","ligustrifolia",0.670777777777778,0.0941339098036177,"genus",3
"Meliaceae","Guarea","guidonia",0.5651,0.0708232617216773,"species",10
"Rubiaceae","Guettarda","elliptica",0.8,0.0708232617216773,"species",3
"Rubiaceae","Guettarda","multinervis",0.7275,0.0941339098036177,"genus",6
"Rubiaceae","Guettarda","ovalifolia",0.7275,0.0941339098036177,"genus",6
"Rubiaceae","Guettarda","pungens",0.7275,0.0941339098036177,"genus",6
"Rubiaceae","Guettarda","valenzuelana",0.65,0.0708232617216773,"species",1
"Celastraceae","Gymindia","latifolia",0.679654620181406,0.123401724247162,"family",14
"Oleaceae","Haenianthus","salicifolius",0.75792106915718,0.123401724247162,"family",9
"Hernandiaceae","Hernandia","sonora",0.28,0.0708232617216773,"species",3
"Malpighiaceae","Heteropteris","laurifolia",0.682735416666667,0.123401724247162,"family",5
"Malvaceae","Hibiscus","rosa-sinensis",0.456181818181818,0.0941339098036177,"genus",11
"Euphorbiaceae","Hippomane","spinosa",0.5,0.0941339098036177,"genus",1
"Chrysobalanaceae","Hirtella","triandra",0.68275,0.0708232617216773,"species",4
"Flacourtiaceae","Homalium","racemosum",0.63428403575867,0.156504650873455,"dataset",920
"Staphyleaceae","Huertea","cubensis",0.394,0.123401724247162,"family",1
"Euphorbiaceae","Hyeronima","domingensis",0.543103218248876,0.123401724247162,"family",72
"Euphorbiaceae","Hyeronima","spp.",0.543103218248876,0.123401724247162,"family",72
"Menispermaceae","Hyperbaena","lindmanii",0.545,0.123401724247162,"family",2
"Aquifoliaceae","Ilex","azuensis",0.5627,0.0941339098036177,"genus",25
"Aquifoliaceae","Ilex","barahonica",0.5627,0.0941339098036177,"genus",25
"Aquifoliaceae","Ilex","fuertesiana",0.5627,0.0941339098036177,"genus",25
"Aquifoliaceae","Ilex","guianensis",0.5627,0.0941339098036177,"genus",25
"Aquifoliaceae","Ilex","impressa",0.5627,0.0941339098036177,"genus",25
"Aquifoliaceae","Ilex","krugiana",0.5627,0.0941339098036177,"genus",25
"Aquifoliaceae","Ilex","macfadyenii",0.5627,0.0941339098036177,"genus",25
"Aquifoliaceae","Ilex","microwrightioides",0.5627,0.0941339098036177,"genus",25
"Aquifoliaceae","Ilex","nitida",0.5627,0.0941339098036177,"genus",25
"Aquifoliaceae","Ilex","obcordata",0.5627,0.0941339098036177,"genus",25
"Aquifoliaceae","Ilex","repanda",0.5627,0.0941339098036177,"genus",25
"Aquifoliaceae","Ilex","riedlaei",0.5627,0.0941339098036177,"genus",25
"Aquifoliaceae","Ilex","tuerckheimii",0.5627,0.0941339098036177,"genus",25
"Illiciaceae","Illicium","ekmanii",0.63428403575867,0.156504650873455,"dataset",920
"Illiciaceae","Illicium","parviflorum",0.63428403575867,0.156504650873455,"dataset",920
"Fabaceae","Inga","fagifolia",0.62,0.0708232617216773,"species",1
"Fabaceae","Inga","fastuosa",0.578086944444444,0.0941339098036177,"genus",40
"Rubiaceae","Ixora","ferrea",0.792857142857143,0.0941339098036177,"genus",7
"Euphorbiaceae","Jatropha","curcas",0.17,0.0708232617216773,"species",1
"Euphorbiaceae","Jatropha","integerrima",0.325,0.0941339098036177,"genus",4
"Euphorbiaceae","Jatropha","multifida",0.325,0.0941339098036177,"genus",4
"Cupressaceae","Juniperus","gracilior",0.485,0.0941339098036177,"genus",9
"Flacourtiaceae","Laetia","procera",0.63428403575867,0.156504650873455,"dataset",920
"Flacourtiaceae","Laetia","thamnia",0.63428403575867,0.156504650873455,"dataset",920
"Lythraceae","Lagerstroemia","indica",0.592611111111111,0.0941339098036177,"genus",18
"Lythraceae","Lagerstroemia","speciosa",0.595,0.0708232617216773,"species",2
"Thymeliaceae","Lagetta","lagetto",0.63428403575867,0.156504650873455,"dataset",920
"Theaceae","Laplacea","spp.",0.57,0.0941339098036177,"genus",2
"Lythraceae","Lawsonia","inermis",0.692623015873016,0.123401724247162,"family",7
"Cactaceae","Lemaireocereus","hystrix",0.54,0.123401724247162,"family",1
"Fabaceae","Leucaena","trichodes",0.65,0.0708232617216773,"species",1
"Sapindaceae","Litchi","chinensis",0.854142857142857,0.0708232617216773,"species",7
"Campanulaceae","Lobelia","assurgens",0.63428403575867,0.156504650873455,"dataset",920
"Fabaceae","Lonchocarpus","domingensis",0.760980434782609,0.0941339098036177,"genus",23
"Fabaceae","Lonchocarpus","latifolius",0.760980434782609,0.0941339098036177,"genus",23
"Fabaceae","Lonchocarpus","longipes",0.760980434782609,0.0941339098036177,"genus",23
"Fabaceae","Lonchocarpus","neurophyllus",0.760980434782609,0.0941339098036177,"genus",23
"Flacourtiaceae","Lunania","ekmanii",0.63428403575867,0.156504650873455,"dataset",920
"Ericaceae","Lyonia","rubiginosa",0.6241875,0.123401724247162,"family",8
"Fabaceae","Lysiloma","bahamensis",0.6,0.0708232617216773,"species",1
"Fabaceae","Machaerium","lunatum",0.24,0.0708232617216773,"species",1
"Magnoliaceae","Magnolia","grandiflora",0.437333333333333,0.0708232617216773,"species",3
"Magnoliaceae","Magnolia","hamori",0.504583333333333,0.0941339098036177,"genus",20
"Magnoliaceae","Magnolia","pallescens",0.504583333333333,0.0941339098036177,"genus",20
"Magnoliaceae","Magnolia","spp.",0.504583333333333,0.0941339098036177,"genus",20
"Malpighiaceae","Malpighia","albiflora",0.682735416666667,0.123401724247162,"family",5
"Malpighiaceae","Malpighia","emarginata",0.682735416666667,0.123401724247162,"family",5
"Malpighiaceae","Malpighia","megacantha",0.682735416666667,0.123401724247162,"family",5
"Malpighiaceae","Malpighia","setosa",0.682735416666667,0.123401724247162,"family",5
"Malpighiaceae","Malpighia","urens",0.682735416666667,0.123401724247162,"family",5
"Malvaceae","Malvaviscus","arboreus",0.48873153604215,0.123401724247162,"family",73
"Sapotaceae","Manilkara","gonavensis",0.885127236652237,0.0941339098036177,"genus",21
"Sapotaceae","Manilkara","jaimiqui ssp. haitensis",0.885127236652237,0.0941339098036177,"genus",21
"Euphorbiaceae","Margaritaria","nobilis",0.543103218248876,0.123401724247162,"family",72
"Sapindaceae","Matayba","apetala",0.771333333333333,0.0941339098036177,"genus",5
"Sapindaceae","Matayba","scrobiculata",0.771333333333333,0.0941339098036177,"genus",5
"Celastraceae","Maytenus","buxifolia",0.713194444444444,0.0941339098036177,"genus",18
"Celastraceae","Maytenus","domingensis",0.713194444444444,0.0941339098036177,"genus",18
"Celastraceae","Maytenus","elliptica",0.713194444444444,0.0941339098036177,"genus",18
"Melastomataceae","Mecranium","spp. except amygdalinum",0.609413645224172,0.123401724247162,"family",15
"Sabiaceae","Meliosma","abbreviata",0.478893939393939,0.0941339098036177,"genus",11
"Sabiaceae","Meliosma","herbertii",0.42,0.0708232617216773,"species",1
"Sabiaceae","Meliosma","impressa",0.478893939393939,0.0941339098036177,"genus",11
"Sabiaceae","Meliosma","recurvata",0.478893939393939,0.0941339098036177,"genus",11
"Anarcardiceae","Metopium","brownei",0.63428403575867,0.156504650873455,"dataset",920
"Magnoliaceae","Michelia","champaca",0.5275,0.0708232617216773,"species",4
"Fabaceae","Mimosa","ceratonia",0.840888888888889,0.0941339098036177,"genus",12
"Fabaceae","Mimosa","parvifoliolata",0.840888888888889,0.0941339098036177,"genus",12
"Fabaceae","Mimosa","scabrella",0.534,0.0708232617216773,"species",3
"Fabaceae","Mora","abbottii",0.809797619047619,0.0941339098036177,"genus",4
"Fabaceae","Mora","ekmanii",0.809797619047619,0.0941339098036177,"genus",4
"Brassicaceae","Morisonia","americana",0.63428403575867,0.156504650873455,"dataset",920
"Musaceae","Musa","acuminata colla x m. balbisiana colla 'aaa'",0.63428403575867,0.156504650873455,"dataset",920
"Musaceae","Musa","acuminata colla x m. balbisiana colla 'aab'",0.63428403575867,0.156504650873455,"dataset",920
"Myrtaceae","Myrcia","deflexa",0.8,0.0708232617216773,"species",1
"Myrtaceae","Myrcia","leptoclada",0.8155,0.0941339098036177,"genus",8
"Myrtaceae","Myrcia","splendens",0.8,0.0708232617216773,"species",1
"Myrtaceae","Myrcianthes","esnardiana",0.776833333333333,0.0941339098036177,"genus",3
"Myrtaceae","Myrcianthes","fragrans",0.776833333333333,0.0941339098036177,"genus",3
"Myrtaceae","Myrciaria","floribunda",0.785,0.0708232617216773,"species",2
"Fabaceae","Myrospermum","frutescens",0.83,0.0708232617216773,"species",1
"Fabaceae","Myroxylon","balsamum",0.776428571428571,0.0708232617216773,"species",7
"Myrsinaceae","Myrsine","magnoliifolia",0.63428403575867,0.156504650873455,"dataset",920
"Bombacaceae","Neobuchia","paulinae",0.63428403575867,0.156504650873455,"dataset",920
"Rubiaceae","Neolaugeria","resinosa",0.8,0.0708232617216773,"species",1
"Lauraceae","Ocotea","foeniculacea",0.539081638418079,0.0941339098036177,"genus",59
"Lauraceae","Ocotea","nemodaphne",0.539081638418079,0.0941339098036177,"genus",59
"Lauraceae","Ocotea","oligoneura",0.539081638418079,0.0941339098036177,"genus",59
"Lauraceae","Ocotea","patens",0.539081638418079,0.0941339098036177,"genus",59
"Lauraceae","Ocotea","sintensisii",0.539081638418079,0.0941339098036177,"genus",59
"Lauraceae","Ocotea","wrightii",0.539081638418079,0.0941339098036177,"genus",59
"Euphorbiaceae","Omphalea","commutata",0.4775,0.0941339098036177,"genus",2
"Euphorbiaceae","Omphalea","triandra",0.4775,0.0941339098036177,"genus",2
"Cactaceae","Opuntia","ficus-indica",0.54,0.123401724247162,"family",1
"Cactaceae","Opuntia","moniliformis",0.54,0.123401724247162,"family",1
"Araliaceae","Oreopanax","capitatum",0.52,0.0941339098036177,"genus",3
"Icacinaceae","Ottoschulzia","domingensis",0.64475,0.123401724247162,"family",6
"Icacinaceae","Ottoschulzia","rhodoxylon",0.64475,0.123401724247162,"family",6
"Ochnaceae","Ouratea","ilicifolia",0.742555555555556,0.0941339098036177,"genus",9
"Annonaceae","Oxandra","laurifolia",0.736666666666667,0.0941339098036177,"genus",6
"Bombacaceae","Pachira","aquatica",0.63428403575867,0.156504650873455,"dataset",920
"Bombacaceae","Pachira","insignis",0.63428403575867,0.156504650873455,"dataset",920
"Rubiaceae","Palicourea","alpina",0.55,0.0941339098036177,"genus",2
"Rubiaceae","Palicourea","barbinervia",0.55,0.0941339098036177,"genus",2
"Rubiaceae","Palicourea","crocea",0.56,0.0708232617216773,"species",1
"Rubiaceae","Palicourea","domingensis",0.55,0.0941339098036177,"genus",2
"Rubiaceae","Palicourea","spp.",0.55,0.0941339098036177,"genus",2
"Myrsinaceae","Parathesis","crenulata",0.63428403575867,0.156504650873455,"dataset",920
"Myrsinaceae","Parathesis","serrulata",0.63428403575867,0.156504650873455,"dataset",920
"Fabaceae","Parkia","roxburghii",0.458531818181818,0.0941339098036177,"genus",22
"Fabaceae","Peltophorum","berteroanum",0.5913,0.0941339098036177,"genus",6
"Fabaceae","Peltophorum","pterocarpum",0.565,0.0708232617216773,"species",2
"Euphorbiaceae","Pera","glomerata",0.543103218248876,0.123401724247162,"family",72
"Lauraceae","Persea","anomala",0.514030303030303,0.0941339098036177,"genus",22
"Fabaceae","Pethecellobium","lentiscifolium",0.703821065511102,0.123401724247162,"family",207
"Arecaceae","Phoenix","canariensis",0.551760416666667,0.123401724247162,"family",16
"Euphorbiaceae","Phyllanthus","juglandifolius",0.543103218248876,0.123401724247162,"family",72
"Simaroubaceae","Picramnia","antidesma",0.433019603174603,0.123401724247162,"family",7
"Euphorbiaceae","Picrodendron","baccatum",0.543103218248876,0.123401724247162,"family",72
"Fabaceae","Pictetia","obcordata",0.8,0.0941339098036177,"genus",1
"Rutaceae","Pilocarpus","racemosus",0.717027730128668,0.123401724247162,"family",48
"Myrtaceae","Pimenta","dioica",0.96,0.0708232617216773,"species",1
"Myrtaceae","Pimenta","racemosa var grisea",0.9275,0.0941339098036177,"genus",4
"Myrtaceae","Pimenta","racemosa var racemosa",0.9275,0.0941339098036177,"genus",4
"Myrtaceae","Pimenta","terebinthina",0.9275,0.0941339098036177,"genus",4
"Piperaceae","Piper","amalago",0.3935,0.0941339098036177,"genus",2
"Piperaceae","Piper","tuberculatum",0.3935,0.0941339098036177,"genus",2
"Fabaceae","Piscidia","piscipula",0.72,0.0941339098036177,"genus",2
"Nyctaginaceae","Pisonia","aculeata",0.377222222222222,0.0941339098036177,"genus",3
"Nyctaginaceae","Pisonia","albida",0.377222222222222,0.0941339098036177,"genus",3
"Nyctaginaceae","Pisonia","helleri",0.377222222222222,0.0941339098036177,"genus",3
"Nyctaginaceae","Pisonia","rotundata",0.377222222222222,0.0941339098036177,"genus",3
"Fabaceae","Pithecellobium","abbottii",0.502261904761905,0.0941339098036177,"genus",9
"Fabaceae","Pithecellobium","dulce",0.6835,0.0708232617216773,"species",6
"Fabaceae","Pithecellobium","glaucum",0.502261904761905,0.0941339098036177,"genus",9
"Fabaceae","Pithecellobium","unguis-cati",0.502261904761905,0.0941339098036177,"genus",9
"Canellaceae","Pleodendron","spp.",0.736333333333333,0.123401724247162,"family",3
"Apocynaceae","Plumeria","alba",0.8,0.0708232617216773,"species",1
"Apocynaceae","Plumeria","obtusa",0.65,0.0941339098036177,"genus",2
"Apocynaceae","Plumeria","obtusa x p. subsessilis",0.65,0.0941339098036177,"genus",2
"Apocynaceae","Plumeria","rubra",0.5,0.0708232617216773,"species",1
"Apocynaceae","Plumeria","rubra x p. subsessilis",0.65,0.0941339098036177,"genus",2
"Apocynaceae","Plumeria","stenopetala",0.65,0.0941339098036177,"genus",2
"Apocynaceae","Plumeria","subsessilis",0.65,0.0941339098036177,"genus",2
"Apocynaceae","Plumeria","tuberculata",0.65,0.0941339098036177,"genus",2
"Podocarpaceae","Podocarpus","angustifolius",0.48448536036036,0.0941339098036177,"genus",37
"Polygalaceae","Polygala","penaea",0.708076923076923,0.123401724247162,"family",1
"Araliaceae","Polyscias","balfouriana",0.381364583333333,0.0941339098036177,"genus",8
"Araliaceae","Polyscias","filicifolia",0.381364583333333,0.0941339098036177,"genus",8
"Araliaceae","Polyscias","guilfoylei",0.381364583333333,0.0941339098036177,"genus",8
"Araliaceae","Polyscias","pinnata",0.381364583333333,0.0941339098036177,"genus",8
"Sapotaceae","Pouteria","domingensis",0.687841171749599,0.0941339098036177,"genus",89
"Sapotaceae","Pouteria","multiflora",0.77,0.0708232617216773,"species",2
"Arecaceae","Prestoea","acuminata",0.25,0.0941339098036177,"genus",1
"Rosaceae","Prunus","americana",0.585666666666667,0.0941339098036177,"genus",27
"Rosaceae","Prunus","domestica",0.585666666666667,0.0941339098036177,"genus",27
"Rosaceae","Prunus","persica",0.585666666666667,0.0941339098036177,"genus",27
"Fabaceae","Pseudalbizzia","berteriana",0.703821065511102,0.123401724247162,"family",207
"Myrtaceae","Pseudanamomis","umbellulifera",0.765578145976224,0.123401724247162,"family",54
"Bombacaceae","Pseudobombax",NA,0.63428403575867,0.156504650873455,"dataset",920
"Arecaceae","Pseudophoenix","lediniana",0.551760416666667,0.123401724247162,"family",16
"Arecaceae","Pseudophoenix","sargentii",0.551760416666667,0.123401724247162,"family",16
"Arecaceae","Pseudophoenix","vinifera",0.551760416666667,0.123401724247162,"family",16
"Myrtaceae","Psidium","dictyophyllum",0.855277777777778,0.0941339098036177,"genus",6
"Rubiaceae","Psychotria","berteriana",0.5636,0.0941339098036177,"genus",5
"Rubiaceae","Psychotria","grandis",0.5636,0.0941339098036177,"genus",5
"Rubiaceae","Psychotria","nutans",0.5636,0.0941339098036177,"genus",5
"Rubiaceae","Psychotria","spp.",0.5636,0.0941339098036177,"genus",5
"Punicaceae","Punica","granatum",0.63428403575867,0.156504650873455,"dataset",920
"Rosaceae","Pyrus","communis",0.632,0.0708232617216773,"species",2
"Bombacaceae","Quararibea","turbinata",0.63428403575867,0.156504650873455,"dataset",920
"Simaroubaceae","Quassia","amara",0.47,0.0708232617216773,"species",1
"Rubiaceae","Randia","erythrocarpa",0.671,0.0941339098036177,"genus",9
"Apocynaceae","Rauvolfia","biauriculata",0.486345238095238,0.0941339098036177,"genus",7
"Apocynaceae","Rauvolfia","viridis",0.486345238095238,0.0941339098036177,"genus",7
"Musaceae","Ravenala","madagascariensis",0.63428403575867,0.156504650873455,"dataset",920
"Rhamnaceae","Reynosia","uncinata",0.742069687257187,0.123401724247162,"family",13
"Rhamnaceae","Rhamnus",NA,0.565722222222222,0.0941339098036177,"genus",9
"Clusiaceae","Rheedia","laterifolia",0.66921165577342,0.123401724247162,"family",9
"Clusiaceae","Rheedia","verticillata",0.66921165577342,0.123401724247162,"family",9
"Annonaceae","Rollinia","mucosa",0.32,0.0708232617216773,"species",1
"Rubiaceae","Rondeletia","spp.",0.5,0.0941339098036177,"genus",1
"Adoxaceae","Samubucus","candensis",0.538666666666667,0.123401724247162,"family",2
"Flacourtiaceae","Samyda","dodecandra",0.63428403575867,0.156504650873455,"dataset",920
"Euphorbiaceae","Sapium","buchii",0.419269607843137,0.0941339098036177,"genus",17
"Euphorbiaceae","Sapium","jamaicense",0.419269607843137,0.0941339098036177,"genus",17
"Euphorbiaceae","Savia","sessiliflora",0.543103218248876,0.123401724247162,"family",72
"Araliaceae","Schefflera","tremula",0.394552976190476,0.0941339098036177,"genus",7
"Anacardiaceae","Schinus","molle",0.525,0.0708232617216773,"species",1
"Anacardiaceae","Schinus","terbinthifolius",0.586666666666667,0.0941339098036177,"genus",3
"Olacaceae","Schoepfia","obovata",0.742428289473684,0.123401724247162,"family",19
"Anacardiaceae","Sciadodendrum","excelsum",0.566231537002913,0.123401724247162,"family",42
"Euphorbiaceae","Securinega","acidoton",0.543103218248876,0.123401724247162,"family",72
"Fabaceae","Senna","angustiliqua",0.602857142857143,0.0941339098036177,"genus",7
"Fabaceae","Senna","domingensis",0.602857142857143,0.0941339098036177,"genus",7
"Fabaceae","Senna","pendula var. advena",0.602857142857143,0.0941339098036177,"genus",7
"Fabaceae","Senna","polyphylla var. polyphylla",0.602857142857143,0.0941339098036177,"genus",7
"Fabaceae","Senna","septemtrionalisis",0.602857142857143,0.0941339098036177,"genus",7
"Fabaceae","Sesbania","bispinosa",0.439,0.0941339098036177,"genus",2
"Fabaceae","Sesbania","grandiflora",0.448,0.0708232617216773,"species",4
"Fabaceae","Sesbania","sesban",0.43,0.0708232617216773,"species",1
"Simaroubaceae","Simarouba","berteroana",0.557177777777778,0.0941339098036177,"genus",3
"Simaroubaceae","Simarouba","glauca dc. var. latifolia",0.557177777777778,0.0941339098036177,"genus",3
"Elaeocarpaceae","Sloanea","berteriana",0.8,0.0708232617216773,"species",1
"Elaeocarpaceae","Sloanea","ilicifolia",0.609456770833333,0.0941339098036177,"genus",32
"Solanaceae","Solanum","antillarum",0.411857142857143,0.0941339098036177,"genus",7
"Solanaceae","Solanum","polygamum",0.411857142857143,0.0941339098036177,"genus",7
"Solanaceae","Solanum","rugosum",0.411857142857143,0.0941339098036177,"genus",7
"Anacardiaceae","Spondias","x robe",0.352584027777778,0.0941339098036177,"genus",6
"Fabaceae","Stahlia","monosperma",0.703821065511102,0.123401724247162,"family",207
"Phytolaccaceae","Stegnosperma","cubense",0.452666666666667,0.123401724247162,"family",3
"Malvaceae","Sterculia","foetida",0.448,0.0708232617216773,"species",2
"Rubiaceae","Strumpfia","maritima",0.63736886786531,0.123401724247162,"family",89
"Symplocaceae","Symplocos","berteroi",0.533541666666667,0.0941339098036177,"genus",12
"Myrtaceae","Syzygium","cumini",0.672666666666667,0.0708232617216773,"species",3
"Bignoniaceae","Tabebuia","acrophylla",0.762322839506173,0.0941339098036177,"genus",27
"Bignoniaceae","Tabebuia","berteri",0.762322839506173,0.0941339098036177,"genus",27
"Bignoniaceae","Tabebuia","conferta",0.762322839506173,0.0941339098036177,"genus",27
"Bignoniaceae","Tabebuia","heterophylla",0.566,0.0708232617216773,"species",3
"Apocynaceae","Tabernaemontana","amygdalifolia",0.526071428571429,0.0941339098036177,"genus",14
"Apocynaceae","Tabernaemontana","divaricata",0.75,0.0708232617216773,"species",1
"Sapindaceae","Talisia","jimenezii",0.833068181818182,0.0941339098036177,"genus",11
"Combretaceae","Terminalia","domingensis",0.6304967779212,0.0941339098036177,"genus",55
"Burseraceae","Tetragastris","balsamifera",0.65,0.0708232617216773,"species",1
"Melastomataceae","Tetrazygia","angustifolia",0.609413645224172,0.123401724247162,"family",15
"Melastomataceae","Tetrazygia","elaeagnoides",0.609413645224172,0.123401724247162,"family",15
"Melastomataceae","Tetrazygia","spp.",0.609413645224172,0.123401724247162,"family",15
"Sapindaceae","Thouinia","spp.",0.94,0.0941339098036177,"genus",3
"Sapindaceae","Thouinidium","spp.",0.67,0.0941339098036177,"genus",1
"Arecaceae","Thrinax","radiata",0.551760416666667,0.123401724247162,"family",16
"Melastomataceae","Tibouchina","longifolia",0.635,0.0941339098036177,"genus",2
"Celastraceae","Torralbasia","cunefolia",0.679654620181406,0.123401724247162,"family",14
"Meliaceae","Trichilia","aquifolia",0.644092948717949,0.0941339098036177,"genus",26
"Meliaceae","Trichilia","havanensis",0.644092948717949,0.0941339098036177,"genus",26
"Meliaceae","Trichilia","pallida",0.7,0.0708232617216773,"species",3
"Phytolaccaceae","Trichostigma","octandrum",0.452666666666667,0.123401724247162,"family",3
"Staphyleaceae","Turpina","occidentalis",0.394,0.123401724247162,"family",1
"Urticaceae","Urera","baccifera",0.165,0.0708232617216773,"species",1
"Euphorbiaceae","Victorinia","acranda",0.543103218248876,0.123401724247162,"family",72
"Verbenaceae","Vitex","agnus-castus",0.642583333333333,0.123401724247162,"family",3
"Verbenaceae","Vitex","heptaphylla",0.642583333333333,0.123401724247162,"family",3
"Myrsinaceae","Wallenia","apiculata",0.63428403575867,0.156504650873455,"dataset",920
"Myrsinaceae","Wallenia","laurifolia",0.63428403575867,0.156504650873455,"dataset",920
"Cunoniaceae","Weinmanna","pinnata",0.592793563988095,0.123401724247162,"family",16
"Malvaceae","Wercklea","horiida",0.48873153604215,0.123401724247162,"family",73
"Flacourtiaceae","Xylosma","buxifolium",0.63428403575867,0.156504650873455,"dataset",920
"Flacourtiaceae","Xylosma","lineolatum",0.63428403575867,0.156504650873455,"dataset",920
"Flacourtiaceae","Xylosma","schaefferioides",0.63428403575867,0.156504650873455,"dataset",920
"Flacourtiaceae","Xylosma","spp. pikan woz",0.63428403575867,0.156504650873455,"dataset",920
"Liliaceae","Yucca","aloifolia",0.63428403575867,0.156504650873455,"dataset",920
"Liliaceae","Yucca","elephantipes",0.63428403575867,0.156504650873455,"dataset",920
"Rutaceae","Zanthoxylum","elephantiasis",0.55,0.0708232617216773,"species",1
"Rutaceae","Zanthoxylum","fagara",0.651,0.0708232617216773,"species",2
"Rutaceae","Zanthoxylum","pimpinelloides",0.617740728715729,0.0941339098036177,"genus",30
"Rutaceae","Zanthoxylum","punctatum",0.617740728715729,0.0941339098036177,"genus",30
"Rutaceae","Zanthoxylum","spinifex",0.617740728715729,0.0941339098036177,"genus",30
"Rhamnaceae","Ziziphus","mauritiana",0.618333333333333,0.0708232617216773,"species",3
"Rhamnaceae","Ziziphus","reticulata",0.777787878787879,0.0941339098036177,"genus",11
"Rhamnaceae","Ziziphus","rhodoxylon",0.777787878787879,0.0941339098036177,"genus",11
"Rhamnaceae","Ziziphus","rignonii",0.777787878787879,0.0941339098036177,"genus",11
"Arecaceae","Zombia","antillarum",0.551760416666667,0.123401724247162,"family",16
"Flacourtiaceae","Zuelania","guidonia",0.63428403575867,0.156504650873455,"dataset",920
"Fabaceae","Zygia","latifolia",0.75,0.0708232617216773,"species",2
